id,code,name,region_id/id,zone_id/id
enderase_admin_woreda_ET050699,ET050699,Aba-Korow,enderase_admin_region_ET05,enderase_admin_zone_ET0506
enderase_admin_woreda_ET020203,ET020203,Abaala,enderase_admin_region_ET02,enderase_admin_zone_ET0202
enderase_admin_woreda_ET020209,ET020209,Abaala town,enderase_admin_region_ET02,enderase_admin_zone_ET0202
enderase_admin_woreda_ET041904,ET041904,Ababo,enderase_admin_region_ET04,enderase_admin_zone_ET0419
enderase_admin_woreda_ET130109,ET130109,Abadir,enderase_admin_region_ET13,enderase_admin_zone_ET1301
enderase_admin_woreda_ET041905,ET041905,Abay Chomen,enderase_admin_region_ET04,enderase_admin_zone_ET0419
enderase_admin_woreda_ET041513,ET041513,Abaya,enderase_admin_region_ET04,enderase_admin_zone_ET0415
enderase_admin_woreda_ET041910,ET041910,Abe Dongoro,enderase_admin_region_ET04,enderase_admin_zone_ET0419
enderase_admin_woreda_ET080121,ET080121,Abela Abaya,enderase_admin_region_ET08,enderase_admin_zone_ET0801
enderase_admin_woreda_ET030805,ET030805,Abergele (AM),enderase_admin_region_ET03,enderase_admin_zone_ET0308
enderase_admin_woreda_ET010210,ET010210,Abergele (TG),enderase_admin_region_ET01,enderase_admin_zone_ET0102
enderase_admin_woreda_ET070102,ET070102,Abeshege,enderase_admin_region_ET07,enderase_admin_zone_ET0701
enderase_admin_woreda_ET040609,ET040609,Abichugna Gne'a,enderase_admin_region_ET04,enderase_admin_zone_ET0406
enderase_admin_woreda_ET020308,ET020308,Abida,enderase_admin_region_ET02,enderase_admin_zone_ET0203
enderase_admin_woreda_ET120201,ET120201,Abobo,enderase_admin_region_ET12,enderase_admin_zone_ET1202
enderase_admin_woreda_ET130108,ET130108,Aboker,enderase_admin_region_ET13,enderase_admin_zone_ET1301
enderase_admin_woreda_ET060303,ET060303,Abrahmo,enderase_admin_region_ET06,enderase_admin_zone_ET0603
enderase_admin_woreda_ET040516,ET040516,Abuna Ginde Beret,enderase_admin_region_ET04,enderase_admin_zone_ET0405
enderase_admin_woreda_ET010211,ET010211,Abyi  Adi town,enderase_admin_region_ET01,enderase_admin_zone_ET0102
enderase_admin_woreda_ET040706,ET040706,Ada'a,enderase_admin_region_ET04,enderase_admin_zone_ET0407
enderase_admin_woreda_ET041710,ET041710,Adaba,enderase_admin_region_ET04,enderase_admin_zone_ET0417
enderase_admin_woreda_ET050602,ET050602,Adadle,enderase_admin_region_ET05,enderase_admin_zone_ET0506
enderase_admin_woreda_ET031205,ET031205,Adagn Ager Chaqo,enderase_admin_region_ET03,enderase_admin_zone_ET0312
enderase_admin_woreda_ET040703,ET040703,Adama,enderase_admin_region_ET04,enderase_admin_zone_ET0407
enderase_admin_woreda_ET040714,ET040714,Adama town,enderase_admin_region_ET04,enderase_admin_zone_ET0407
enderase_admin_woreda_ET040708,ET040708,Adama Tulu Jido Kombolcha,enderase_admin_region_ET04,enderase_admin_zone_ET0407
enderase_admin_woreda_ET020109,ET020109,Adar,enderase_admin_region_ET02,enderase_admin_zone_ET0201
enderase_admin_woreda_ET040513,ET040513,Adda Berga,enderase_admin_region_ET04,enderase_admin_zone_ET0405
enderase_admin_woreda_ET030101,ET030101,Addi Arekay,enderase_admin_region_ET03,enderase_admin_zone_ET0301
enderase_admin_woreda_ET150109,ET150109,Addis Ketema (DD),enderase_admin_region_ET15,enderase_admin_zone_ET1501
enderase_admin_woreda_ET140108,ET140108,Addis Ketema Sub City,enderase_admin_region_ET14,enderase_admin_zone_ET1401
enderase_admin_woreda_ET030910,ET030910,Addis Kidame town,enderase_admin_region_ET03,enderase_admin_zone_ET0309
enderase_admin_woreda_ET030299,ET030299,Addis Zemen town,enderase_admin_region_ET03,enderase_admin_zone_ET0302
enderase_admin_woreda_ET010207,ET010207,Adet,enderase_admin_region_ET01,enderase_admin_zone_ET0102
enderase_admin_woreda_ET031309,ET031309,Adet town,enderase_admin_region_ET03,enderase_admin_zone_ET0313
enderase_admin_woreda_ET010111,ET010111,Adi Daero,enderase_admin_region_ET01,enderase_admin_zone_ET0101
enderase_admin_woreda_ET010308,ET010308,Adigrat town,enderase_admin_region_ET01,enderase_admin_zone_ET0103
enderase_admin_woreda_ET010607,ET010607,Adigudom,enderase_admin_region_ET01,enderase_admin_zone_ET0106
enderase_admin_woreda_ET010705,ET010705,Adihaki Sub City,enderase_admin_region_ET01,enderase_admin_zone_ET0107
enderase_admin_woreda_ET070309,ET070309,Adilo,enderase_admin_region_ET07,enderase_admin_zone_ET0703
enderase_admin_woreda_ET110205,ET110205,Adiyio,enderase_admin_region_ET11,enderase_admin_zone_ET1102
enderase_admin_woreda_ET041403,ET041403,Adola,enderase_admin_region_ET04,enderase_admin_zone_ET0414
enderase_admin_woreda_ET041492,ET041492,Adola town,enderase_admin_region_ET04,enderase_admin_zone_ET0414
enderase_admin_woreda_ET010204,ET010204,Adwa,enderase_admin_region_ET01,enderase_admin_zone_ET0102
enderase_admin_woreda_ET010212,ET010212,Adwa town,enderase_admin_region_ET01,enderase_admin_zone_ET0102
enderase_admin_woreda_ET020104,ET020104,Afambo,enderase_admin_region_ET02,enderase_admin_zone_ET0201
enderase_admin_woreda_ET050105,ET050105,Afdem,enderase_admin_region_ET05,enderase_admin_zone_ET0501
enderase_admin_woreda_ET020207,ET020207,Afdera,enderase_admin_region_ET02,enderase_admin_zone_ET0202
enderase_admin_woreda_ET041482,ET041482,Aga Wayu,enderase_admin_region_ET04,enderase_admin_zone_ET0414
enderase_admin_woreda_ET041104,ET041104,Agarfa,enderase_admin_region_ET04,enderase_admin_zone_ET0411
enderase_admin_woreda_ET040417,ET040417,Agaro town,enderase_admin_region_ET04,enderase_admin_zone_ET0404
enderase_admin_woreda_ET030909,ET030909,Agew Gimija Bet town,enderase_admin_region_ET03,enderase_admin_zone_ET0309
enderase_admin_woreda_ET010316,ET010316,Agulae,enderase_admin_region_ET01,enderase_admin_zone_ET0103
enderase_admin_woreda_ET010202,ET010202,Aheferom,enderase_admin_region_ET01,enderase_admin_zone_ET0102
enderase_admin_woreda_ET010215,ET010215,Ahsea,enderase_admin_region_ET01,enderase_admin_zone_ET0102
enderase_admin_woreda_ET040712,ET040712,Akaki,enderase_admin_region_ET04,enderase_admin_zone_ET0407
enderase_admin_woreda_ET140101,ET140101,Akaki Kality Sub City,enderase_admin_region_ET14,enderase_admin_zone_ET1401
enderase_admin_woreda_ET030427,ET030427,Akeseta town,enderase_admin_region_ET03,enderase_admin_zone_ET0304
enderase_admin_woreda_ET120101,ET120101,Akobo,enderase_admin_region_ET12,enderase_admin_zone_ET1201
enderase_admin_woreda_ET010411,ET010411,Alamata town,enderase_admin_region_ET01,enderase_admin_zone_ET0104
enderase_admin_woreda_ET030408,ET030408,Albuko,enderase_admin_region_ET03,enderase_admin_zone_ET0304
enderase_admin_woreda_ET040311,ET040311,Ale,enderase_admin_region_ET04,enderase_admin_zone_ET0403
enderase_admin_woreda_ET031115,ET031115,Alefa,enderase_admin_region_ET03,enderase_admin_zone_ET0311
enderase_admin_woreda_ET040617,ET040617,Aleltu,enderase_admin_region_ET04,enderase_admin_zone_ET0406
enderase_admin_woreda_ET030599,ET030599,Aleme Ketma town,enderase_admin_region_ET03,enderase_admin_zone_ET0305
enderase_admin_woreda_ET160016,ET160016,Aleta Chuko,enderase_admin_region_ET16,enderase_admin_zone_ET1600
enderase_admin_woreda_ET160005,ET160005,Aleta Wendo,enderase_admin_region_ET16,enderase_admin_zone_ET1600
enderase_admin_woreda_ET160021,ET160021,Aleta Wondo town,enderase_admin_region_ET16,enderase_admin_zone_ET1600
enderase_admin_woreda_ET040302,ET040302,Alge Sachi,enderase_admin_region_ET04,enderase_admin_zone_ET0403
enderase_admin_woreda_ET072001,ET072001,Alicho Woriro,enderase_admin_region_ET07,enderase_admin_zone_ET0720
enderase_admin_woreda_ET080601,ET080601,Alle,enderase_admin_region_ET08,enderase_admin_zone_ET0806
enderase_admin_woreda_ET030618,ET030618,Amanuel town,enderase_admin_region_ET03,enderase_admin_zone_ET0306
enderase_admin_woreda_ET080801,ET080801,Amaro,enderase_admin_region_ET08,enderase_admin_zone_ET0808
enderase_admin_woreda_ET110603,ET110603,Amaya town,enderase_admin_region_ET11,enderase_admin_zone_ET1106
enderase_admin_woreda_ET031103,ET031103,Amba Giorgis town,enderase_admin_region_ET03,enderase_admin_zone_ET0311
enderase_admin_woreda_ET030404,ET030404,Ambasel,enderase_admin_region_ET03,enderase_admin_zone_ET0304
enderase_admin_woreda_ET040515,ET040515,Ambo town,enderase_admin_region_ET04,enderase_admin_zone_ET0405
enderase_admin_woreda_ET040503,ET040503,Ambo Zuria,enderase_admin_region_ET04,enderase_admin_zone_ET0405
enderase_admin_woreda_ET030809,ET030809,Amde Work town,enderase_admin_region_ET03,enderase_admin_zone_ET0308
enderase_admin_woreda_ET070215,ET070215,Ameka,enderase_admin_region_ET07,enderase_admin_zone_ET0702
enderase_admin_woreda_ET041301,ET041301,Ameya,enderase_admin_region_ET04,enderase_admin_zone_ET0413
enderase_admin_woreda_ET110605,ET110605,Ameya Zuria,enderase_admin_region_ET11,enderase_admin_zone_ET1106
enderase_admin_woreda_ET020301,ET020301,Amibara,enderase_admin_region_ET02,enderase_admin_zone_ET0203
enderase_admin_woreda_ET040810,ET040810,Amigna,enderase_admin_region_ET04,enderase_admin_zone_ET0408
enderase_admin_woreda_ET130107,ET130107,Amir Nur,enderase_admin_region_ET13,enderase_admin_zone_ET1301
enderase_admin_woreda_ET041909,ET041909,Amuru,enderase_admin_region_ET04,enderase_admin_zone_ET0419
enderase_admin_woreda_ET041411,ET041411,Ana Sora,enderase_admin_region_ET04,enderase_admin_zone_ET0414
enderase_admin_woreda_ET070208,ET070208,Analemmo,enderase_admin_region_ET07,enderase_admin_zone_ET0702
enderase_admin_woreda_ET040906,ET040906,Anchar,enderase_admin_region_ET04,enderase_admin_zone_ET0409
enderase_admin_woreda_ET030211,ET030211,Andabet/ West Esite,enderase_admin_region_ET03,enderase_admin_zone_ET0302
enderase_admin_woreda_ET110101,ET110101,Anderacha,enderase_admin_region_ET11,enderase_admin_zone_ET1101
enderase_admin_woreda_ET030617,ET030617,Aneded,enderase_admin_region_ET03,enderase_admin_zone_ET0306
enderase_admin_woreda_ET041807,ET041807,Anfilo,enderase_admin_region_ET04,enderase_admin_zone_ET0418
enderase_admin_woreda_ET070302,ET070302,Angacha,enderase_admin_region_ET07,enderase_admin_zone_ET0703
enderase_admin_woreda_ET030513,ET030513,Angolelana Tera,enderase_admin_region_ET03,enderase_admin_zone_ET0305
enderase_admin_woreda_ET030313,ET030313,Angot,enderase_admin_region_ET03,enderase_admin_zone_ET0303
enderase_admin_woreda_ET030903,ET030903,Ankasha,enderase_admin_region_ET03,enderase_admin_zone_ET0309
enderase_admin_woreda_ET030515,ET030515,Ankober,enderase_admin_region_ET03,enderase_admin_zone_ET0305
enderase_admin_woreda_ET030507,ET030507,Antsokiya,enderase_admin_region_ET03,enderase_admin_zone_ET0305
enderase_admin_woreda_ET140109,ET140109,Arada Sub City,enderase_admin_region_ET14,enderase_admin_zone_ET1401
enderase_admin_woreda_ET050395,ET050395,Ararso,enderase_admin_region_ET05,enderase_admin_zone_ET0503
enderase_admin_woreda_ET080201,ET080201,Arba Minch town,enderase_admin_region_ET08,enderase_admin_zone_ET0802
enderase_admin_woreda_ET080202,ET080202,Arba Minch Zuria,enderase_admin_region_ET08,enderase_admin_zone_ET0802
enderase_admin_woreda_ET160003,ET160003,Arbegona,enderase_admin_region_ET16,enderase_admin_zone_ET1600
enderase_admin_woreda_ET041409,ET041409,Arda Jila,enderase_admin_region_ET04,enderase_admin_zone_ET0414
enderase_admin_woreda_ET080114,ET080114,Areka town,enderase_admin_region_ET08,enderase_admin_zone_ET0801
enderase_admin_woreda_ET042207,ET042207,Arero,enderase_admin_region_ET04,enderase_admin_zone_ET0422
enderase_admin_woreda_ET030525,ET030525,Arerti town,enderase_admin_region_ET03,enderase_admin_zone_ET0305
enderase_admin_woreda_ET030401,ET030401,Argoba,enderase_admin_region_ET03,enderase_admin_zone_ET0304
enderase_admin_woreda_ET020306,ET020306,Arguba,enderase_admin_region_ET02,enderase_admin_zone_ET0203
enderase_admin_woreda_ET160009,ET160009,Aroresa,enderase_admin_region_ET16,enderase_admin_zone_ET1600
enderase_admin_woreda_ET041703,ET041703,Arsi Negele,enderase_admin_region_ET04,enderase_admin_zone_ET0417
enderase_admin_woreda_ET041799,ET041799,Arsi Negele town,enderase_admin_region_ET04,enderase_admin_zone_ET0417
enderase_admin_woreda_ET031004,ET031004,Artuma Fursi,enderase_admin_region_ET03,enderase_admin_zone_ET0310
enderase_admin_woreda_ET020103,ET020103,Asayita,enderase_admin_region_ET02,enderase_admin_zone_ET0201
enderase_admin_woreda_ET020111,ET020111,Asayita town,enderase_admin_region_ET02,enderase_admin_zone_ET0201
enderase_admin_woreda_ET040802,ET040802,Aseko,enderase_admin_region_ET04,enderase_admin_zone_ET0408
enderase_admin_woreda_ET040825,ET040825,Asela town,enderase_admin_region_ET04,enderase_admin_zone_ET0408
enderase_admin_woreda_ET150201,ET150201,Aseliso,enderase_admin_region_ET15,enderase_admin_zone_ET1502
enderase_admin_woreda_ET010105,ET010105,Asgede,enderase_admin_region_ET01,enderase_admin_zone_ET0101
enderase_admin_woreda_ET030514,ET030514,Assagirt,enderase_admin_region_ET03,enderase_admin_zone_ET0305
enderase_admin_woreda_ET060309,ET060309,Assosa town Administration,enderase_admin_region_ET06,enderase_admin_zone_ET0603
enderase_admin_woreda_ET030598,ET030598,Ataye town,enderase_admin_region_ET03,enderase_admin_zone_ET0305
enderase_admin_woreda_ET071403,ET071403,Atote Ulo,enderase_admin_region_ET07,enderase_admin_zone_ET0714
enderase_admin_woreda_ET010307,ET010307,Atsbi,enderase_admin_region_ET01,enderase_admin_zone_ET0103
enderase_admin_woreda_ET010315,ET010315,Atsbi town,enderase_admin_region_ET01,enderase_admin_zone_ET0103
enderase_admin_woreda_ET050205,ET050205,Aw-Bare,enderase_admin_region_ET05,enderase_admin_zone_ET0502
enderase_admin_woreda_ET030612,ET030612,Awabel,enderase_admin_region_ET03,enderase_admin_zone_ET0306
enderase_admin_woreda_ET050303,ET050303,Aware,enderase_admin_region_ET05,enderase_admin_zone_ET0503
enderase_admin_woreda_ET020302,ET020302,Awash Fantale,enderase_admin_region_ET02,enderase_admin_zone_ET0203
enderase_admin_woreda_ET020396,ET020396,Awash town,enderase_admin_region_ET02,enderase_admin_zone_ET0203
enderase_admin_woreda_ET020401,ET020401,Awra (AF),enderase_admin_region_ET02,enderase_admin_zone_ET0204
enderase_admin_woreda_ET010507,ET010507,Awra (TG),enderase_admin_region_ET01,enderase_admin_zone_ET0105
enderase_admin_woreda_ET110216,ET110216,Awurada town,enderase_admin_region_ET11,enderase_admin_zone_ET1102
enderase_admin_woreda_ET010213,ET010213,Axum town,enderase_admin_region_ET01,enderase_admin_zone_ET0102
enderase_admin_woreda_ET010703,ET010703,Ayder Sub City,enderase_admin_region_ET01,enderase_admin_zone_ET0107
enderase_admin_woreda_ET030908,ET030908,Ayehu Guwagusa,enderase_admin_region_ET03,enderase_admin_zone_ET0309
enderase_admin_woreda_ET040107,ET040107,Ayira,enderase_admin_region_ET04,enderase_admin_zone_ET0401
enderase_admin_woreda_ET050101,ET050101,Ayisha,enderase_admin_region_ET05,enderase_admin_zone_ET0501
enderase_admin_woreda_ET031199,ET031199,Aykel town,enderase_admin_region_ET03,enderase_admin_zone_ET0311
enderase_admin_woreda_ET051001,ET051001,Ayun,enderase_admin_region_ET05,enderase_admin_zone_ET0510
enderase_admin_woreda_ET041004,ET041004,Babile (OR),enderase_admin_region_ET04,enderase_admin_zone_ET0410
enderase_admin_woreda_ET050203,ET050203,Babile (SM),enderase_admin_region_ET05,enderase_admin_zone_ET0502
enderase_admin_woreda_ET041000,ET041000,Babile town,enderase_admin_region_ET04,enderase_admin_zone_ET0410
enderase_admin_woreda_ET040111,ET040111,Babo,enderase_admin_region_ET04,enderase_admin_zone_ET0401
enderase_admin_woreda_ET110509,ET110509,Bachuma town,enderase_admin_region_ET11,enderase_admin_zone_ET1105
enderase_admin_woreda_ET031401,ET031401,Bahir Dar town,enderase_admin_region_ET03,enderase_admin_zone_ET0314
enderase_admin_woreda_ET031402,ET031402,Bahirdar Zuria,enderase_admin_region_ET03,enderase_admin_zone_ET0314
enderase_admin_woreda_ET080501,ET080501,Baka Dawula,enderase_admin_region_ET08,enderase_admin_zone_ET0805
enderase_admin_woreda_ET040506,ET040506,Bako Tibe,enderase_admin_region_ET04,enderase_admin_zone_ET0405
enderase_admin_woreda_ET080123,ET080123,BaleAwassa town,enderase_admin_region_ET08,enderase_admin_zone_ET0801
enderase_admin_woreda_ET060305,ET060305,Bambasi,enderase_admin_region_ET06,enderase_admin_zone_ET0603
enderase_admin_woreda_ET060310,ET060310,Bambasi town,enderase_admin_region_ET06,enderase_admin_zone_ET0603
enderase_admin_woreda_ET030902,ET030902,Banja,enderase_admin_region_ET03,enderase_admin_zone_ET0309
enderase_admin_woreda_ET050807,ET050807,Barey,enderase_admin_region_ET05,enderase_admin_zone_ET0508
enderase_admin_woreda_ET080401,ET080401,Basketo SP Woreda,enderase_admin_region_ET08,enderase_admin_zone_ET0804
enderase_admin_woreda_ET030611,ET030611,Baso Liben,enderase_admin_region_ET03,enderase_admin_zone_ET0306
enderase_admin_woreda_ET030519,ET030519,Basona Worena,enderase_admin_region_ET03,enderase_admin_zone_ET0305
enderase_admin_woreda_ET031002,ET031002,Bati,enderase_admin_region_ET03,enderase_admin_zone_ET0310
enderase_admin_woreda_ET031099,ET031099,Bati town,enderase_admin_region_ET03,enderase_admin_zone_ET0310
enderase_admin_woreda_ET040798,ET040798,Batu town,enderase_admin_region_ET04,enderase_admin_zone_ET0407
enderase_admin_woreda_ET080122,ET080122,Bayera Koyesha,enderase_admin_region_ET08,enderase_admin_zone_ET0801
enderase_admin_woreda_ET030699,ET030699,Bechena town,enderase_admin_region_ET03,enderase_admin_zone_ET0306
enderase_admin_woreda_ET040314,ET040314,Becho (Ilu Aba Bora),enderase_admin_region_ET04,enderase_admin_zone_ET0403
enderase_admin_woreda_ET041309,ET041309,Becho (SW Shewa),enderase_admin_region_ET04,enderase_admin_zone_ET0413
enderase_admin_woreda_ET041621,ET041621,Bedele town,enderase_admin_region_ET04,enderase_admin_zone_ET0416
enderase_admin_woreda_ET041622,ET041622,Bedele Zuria,enderase_admin_region_ET04,enderase_admin_zone_ET0416
enderase_admin_woreda_ET041013,ET041013,Bedeno,enderase_admin_region_ET04,enderase_admin_zone_ET0410
enderase_admin_woreda_ET040914,ET040914,Bedesa town,enderase_admin_region_ET04,enderase_admin_zone_ET0409
enderase_admin_woreda_ET040116,ET040116,Begi,enderase_admin_region_ET04,enderase_admin_zone_ET0401
enderase_admin_woreda_ET040823,ET040823,Bele Gesgar,enderase_admin_region_ET04,enderase_admin_zone_ET0408
enderase_admin_woreda_ET081201,ET081201,Bena Tsemay,enderase_admin_region_ET08,enderase_admin_zone_ET0812
enderase_admin_woreda_ET160008,ET160008,Bensa,enderase_admin_region_ET16,enderase_admin_zone_ET1600
enderase_admin_woreda_ET020205,ET020205,Berahile,enderase_admin_region_ET02,enderase_admin_zone_ET0202
enderase_admin_woreda_ET041114,ET041114,Berbere,enderase_admin_region_ET04,enderase_admin_zone_ET0411
enderase_admin_woreda_ET040619,ET040619,Bereh,enderase_admin_region_ET04,enderase_admin_zone_ET0406
enderase_admin_woreda_ET030517,ET030517,Berehet,enderase_admin_region_ET03,enderase_admin_zone_ET0305
enderase_admin_woreda_ET110505,ET110505,Bero,enderase_admin_region_ET11,enderase_admin_zone_ET1105
enderase_admin_woreda_ET050608,ET050608,Berocano,enderase_admin_region_ET05,enderase_admin_zone_ET0506
enderase_admin_woreda_ET080301,ET080301,Beto town,enderase_admin_region_ET08,enderase_admin_zone_ET0803
enderase_admin_woreda_ET030102,ET030102,Beyeda,enderase_admin_region_ET03,enderase_admin_zone_ET0301
enderase_admin_woreda_ET030601,ET030601,Bibugn,enderase_admin_region_ET03,enderase_admin_zone_ET0306
enderase_admin_woreda_ET020208,ET020208,Bidu,enderase_admin_region_ET02,enderase_admin_zone_ET0202
enderase_admin_woreda_ET040207,ET040207,Bila Seyo,enderase_admin_region_ET04,enderase_admin_zone_ET0402
enderase_admin_woreda_ET160032,ET160032,Bilate Zuria,enderase_admin_region_ET16,enderase_admin_zone_ET1600
enderase_admin_woreda_ET050306,ET050306,Bilcil-Bur,enderase_admin_region_ET05,enderase_admin_zone_ET0503
enderase_admin_woreda_ET060306,ET060306,Bilidigilu,enderase_admin_region_ET06,enderase_admin_zone_ET0603
enderase_admin_woreda_ET040315,ET040315,Bilo Nopha,enderase_admin_region_ET04,enderase_admin_zone_ET0403
enderase_admin_woreda_ET080203,ET080203,Birbir town,enderase_admin_region_ET08,enderase_admin_zone_ET0802
enderase_admin_woreda_ET041596,ET041596,Birbirsa Kojowa,enderase_admin_region_ET04,enderase_admin_zone_ET0415
enderase_admin_woreda_ET040709,ET040709,Bishoftu town,enderase_admin_region_ET04,enderase_admin_zone_ET0407
enderase_admin_woreda_ET110210,ET110210,Bita,enderase_admin_region_ET11,enderase_admin_zone_ET1102
enderase_admin_woreda_ET150208,ET150208,Biyoawale,enderase_admin_region_ET15,enderase_admin_zone_ET1502
enderase_admin_woreda_ET010310,ET010310,Bizet,enderase_admin_region_ET01,enderase_admin_zone_ET0103
enderase_admin_woreda_ET050599,ET050599,Bodaley,enderase_admin_region_ET05,enderase_admin_zone_ET0505
enderase_admin_woreda_ET080115,ET080115,Boditi town,enderase_admin_region_ET08,enderase_admin_zone_ET0801
enderase_admin_woreda_ET040110,ET040110,Boji Chekorsa,enderase_admin_region_ET04,enderase_admin_zone_ET0401
enderase_admin_woreda_ET040106,ET040106,Boji Dirmeji,enderase_admin_region_ET04,enderase_admin_zone_ET0401
enderase_admin_woreda_ET040910,ET040910,Boke,enderase_admin_region_ET04,enderase_admin_zone_ET0409
enderase_admin_woreda_ET050702,ET050702,Bokh,enderase_admin_region_ET05,enderase_admin_zone_ET0507
enderase_admin_woreda_ET040894,ET040894,Bokoji town,enderase_admin_region_ET04,enderase_admin_zone_ET0408
enderase_admin_woreda_ET050999,ET050999,Bokolmayo,enderase_admin_region_ET05,enderase_admin_zone_ET0509
enderase_admin_woreda_ET140104,ET140104,Bole Sub City,enderase_admin_region_ET14,enderase_admin_zone_ET1401
enderase_admin_woreda_ET080108,ET080108,Boloso Bombe,enderase_admin_region_ET08,enderase_admin_zone_ET0801
enderase_admin_woreda_ET080101,ET080101,Boloso Sore,enderase_admin_region_ET08,enderase_admin_zone_ET0801
enderase_admin_woreda_ET160017,ET160017,Bona Zuria,enderase_admin_region_ET16,enderase_admin_zone_ET1600
enderase_admin_woreda_ET040205,ET040205,Boneya Boshe,enderase_admin_region_ET04,enderase_admin_zone_ET0402
enderase_admin_woreda_ET110211,ET110211,Bonga town,enderase_admin_region_ET11,enderase_admin_zone_ET1102
enderase_admin_woreda_ET080204,ET080204,Bonke,enderase_admin_region_ET08,enderase_admin_zone_ET0802
enderase_admin_woreda_ET040710,ET040710,Bora (OR),enderase_admin_region_ET04,enderase_admin_zone_ET0407
enderase_admin_woreda_ET010402,ET010402,Bora (TG),enderase_admin_region_ET01,enderase_admin_zone_ET0104
enderase_admin_woreda_ET041402,ET041402,Bore,enderase_admin_region_ET04,enderase_admin_zone_ET0414
enderase_admin_woreda_ET041607,ET041607,Borecha,enderase_admin_region_ET04,enderase_admin_zone_ET0416
enderase_admin_woreda_ET080205,ET080205,Boreda,enderase_admin_region_ET08,enderase_admin_zone_ET0802
enderase_admin_woreda_ET030412,ET030412,Borena /Debresina,enderase_admin_region_ET03,enderase_admin_zone_ET0304
enderase_admin_woreda_ET160010,ET160010,Boricha,enderase_admin_region_ET16,enderase_admin_zone_ET1600
enderase_admin_woreda_ET020309,ET020309,Borimodaytu,enderase_admin_region_ET02,enderase_admin_zone_ET0203
enderase_admin_woreda_ET040702,ET040702,Boset,enderase_admin_region_ET04,enderase_admin_zone_ET0407
enderase_admin_woreda_ET040495,ET040495,Botor Tolay,enderase_admin_region_ET04,enderase_admin_zone_ET0404
enderase_admin_woreda_ET030301,ET030301,Bugna,enderase_admin_region_ET03,enderase_admin_zone_ET0303
enderase_admin_woreda_ET070402,ET070402,Bui town,enderase_admin_region_ET07,enderase_admin_zone_ET0704
enderase_admin_woreda_ET081104,ET081104,Bule,enderase_admin_region_ET08,enderase_admin_zone_ET0811
enderase_admin_woreda_ET041501,ET041501,Bule Hora,enderase_admin_region_ET04,enderase_admin_zone_ET0415
enderase_admin_woreda_ET041587,ET041587,Bule Hora town,enderase_admin_region_ET04,enderase_admin_zone_ET0415
enderase_admin_woreda_ET060207,ET060207,Bulen,enderase_admin_region_ET06,enderase_admin_zone_ET0602
enderase_admin_woreda_ET080302,ET080302,Buleqi town,enderase_admin_region_ET08,enderase_admin_zone_ET0803
enderase_admin_woreda_ET160024,ET160024,Bura,enderase_admin_region_ET16,enderase_admin_zone_ET1600
enderase_admin_woreda_ET042001,ET042001,Burayu,enderase_admin_region_ET04,enderase_admin_zone_ET0420
enderase_admin_woreda_ET030710,ET030710,Bure (AM),enderase_admin_region_ET03,enderase_admin_zone_ET0307
enderase_admin_woreda_ET040312,ET040312,Bure (OR),enderase_admin_region_ET04,enderase_admin_zone_ET0403
enderase_admin_woreda_ET030798,ET030798,Bure town,enderase_admin_region_ET03,enderase_admin_zone_ET0307
enderase_admin_woreda_ET081001,ET081001,Burji,enderase_admin_region_ET08,enderase_admin_zone_ET0810
enderase_admin_woreda_ET050394,ET050394,Burqod,enderase_admin_region_ET05,enderase_admin_zone_ET0503
enderase_admin_woreda_ET040998,ET040998,Burqua Dhintu,enderase_admin_region_ET04,enderase_admin_zone_ET0409
enderase_admin_woreda_ET160015,ET160015,Bursa,enderase_admin_region_ET16,enderase_admin_zone_ET1600
enderase_admin_woreda_ET070401,ET070401,Butajira town,enderase_admin_region_ET07,enderase_admin_zone_ET0704
enderase_admin_woreda_ET160029,ET160029,Chabe Gambeltu,enderase_admin_region_ET16,enderase_admin_zone_ET1600
enderase_admin_woreda_ET030999,ET030999,Chagni town,enderase_admin_region_ET03,enderase_admin_zone_ET0309
enderase_admin_woreda_ET040621,ET040621,Chancho town,enderase_admin_region_ET04,enderase_admin_zone_ET0406
enderase_admin_woreda_ET050802,ET050802,Charati,enderase_admin_region_ET05,enderase_admin_zone_ET0508
enderase_admin_woreda_ET031007,ET031007,Chef Robit town,enderase_admin_region_ET03,enderase_admin_zone_ET0310
enderase_admin_woreda_ET070110,ET070110,Cheha,enderase_admin_region_ET07,enderase_admin_zone_ET0701
enderase_admin_woreda_ET081112,ET081112,Chelelektu town,enderase_admin_region_ET08,enderase_admin_zone_ET0811
enderase_admin_woreda_ET040505,ET040505,Cheliya,enderase_admin_region_ET04,enderase_admin_zone_ET0405
enderase_admin_woreda_ET110209,ET110209,Chena,enderase_admin_region_ET11,enderase_admin_zone_ET1102
enderase_admin_woreda_ET080206,ET080206,Chencha town,enderase_admin_region_ET08,enderase_admin_zone_ET0802
enderase_admin_woreda_ET080207,ET080207,Chencha Zuriya,enderase_admin_region_ET08,enderase_admin_zone_ET0802
enderase_admin_woreda_ET010414,ET010414,Chercher,enderase_admin_region_ET01,enderase_admin_zone_ET0104
enderase_admin_woreda_ET110207,ET110207,Cheta,enderase_admin_region_ET11,enderase_admin_zone_ET1102
enderase_admin_woreda_ET110602,ET110602,Chida town,enderase_admin_region_ET11,enderase_admin_zone_ET1106
enderase_admin_woreda_ET020106,ET020106,Chifra,enderase_admin_region_ET02,enderase_admin_zone_ET0201
enderase_admin_woreda_ET020113,ET020113,Chifra town,enderase_admin_region_ET02,enderase_admin_zone_ET0201
enderase_admin_woreda_ET010201,ET010201,Chila,enderase_admin_region_ET01,enderase_admin_zone_ET0102
enderase_admin_woreda_ET031106,ET031106,Chilga 1,enderase_admin_region_ET03,enderase_admin_zone_ET0311
enderase_admin_woreda_ET031112,ET031112,Chilga 2,enderase_admin_region_ET03,enderase_admin_zone_ET0311
enderase_admin_woreda_ET041015,ET041015,Chinaksen,enderase_admin_region_ET04,enderase_admin_zone_ET0410
enderase_admin_woreda_ET160014,ET160014,Chire,enderase_admin_region_ET16,enderase_admin_zone_ET1600
enderase_admin_woreda_ET040905,ET040905,Chiro town,enderase_admin_region_ET04,enderase_admin_zone_ET0409
enderase_admin_woreda_ET040913,ET040913,Chiro Zuria,enderase_admin_region_ET04,enderase_admin_zone_ET0409
enderase_admin_woreda_ET160027,ET160027,Chirone,enderase_admin_region_ET16,enderase_admin_zone_ET1600
enderase_admin_woreda_ET040809,ET040809,Chole,enderase_admin_region_ET04,enderase_admin_zone_ET0408
enderase_admin_woreda_ET041911,ET041911,Choman Guduru,enderase_admin_region_ET04,enderase_admin_zone_ET0419
enderase_admin_woreda_ET041603,ET041603,Chora (Buno Bedele),enderase_admin_region_ET04,enderase_admin_zone_ET0416
enderase_admin_woreda_ET040415,ET040415,Chora (Jimma),enderase_admin_region_ET04,enderase_admin_zone_ET0404
enderase_admin_woreda_ET160035,ET160035,Chuko town,enderase_admin_region_ET16,enderase_admin_zone_ET1600
enderase_admin_woreda_ET081108,ET081108,Churso,enderase_admin_region_ET08,enderase_admin_zone_ET0811
enderase_admin_woreda_ET041623,ET041623,Chwaka,enderase_admin_region_ET04,enderase_admin_zone_ET0416
enderase_admin_woreda_ET040592,ET040592,Cobi,enderase_admin_region_ET04,enderase_admin_zone_ET0405
enderase_admin_woreda_ET030105,ET030105,Dabat,enderase_admin_region_ET03,enderase_admin_zone_ET0301
enderase_admin_woreda_ET030106,ET030106,Dabat town,enderase_admin_region_ET03,enderase_admin_zone_ET0301
enderase_admin_woreda_ET041605,ET041605,Dabo Hana,enderase_admin_region_ET04,enderase_admin_zone_ET0416
enderase_admin_woreda_ET160034,ET160034,Daella,enderase_admin_region_ET16,enderase_admin_zone_ET1600
enderase_admin_woreda_ET160004,ET160004,Dale,enderase_admin_region_ET16,enderase_admin_zone_ET1600
enderase_admin_woreda_ET041808,ET041808,Dale Sadi,enderase_admin_region_ET04,enderase_admin_zone_ET0418
enderase_admin_woreda_ET041803,ET041803,Dale Wabera,enderase_admin_region_ET04,enderase_admin_zone_ET0418
enderase_admin_woreda_ET020504,ET020504,Dalefage,enderase_admin_region_ET02,enderase_admin_zone_ET0205
enderase_admin_woreda_ET072005,ET072005,Dalocha,enderase_admin_region_ET07,enderase_admin_zone_ET0720
enderase_admin_woreda_ET020206,ET020206,Dalol,enderase_admin_region_ET02,enderase_admin_zone_ET0202
enderase_admin_woreda_ET041408,ET041408,Dama,enderase_admin_region_ET04,enderase_admin_zone_ET0414
enderase_admin_woreda_ET070307,ET070307,Damboya,enderase_admin_region_ET07,enderase_admin_zone_ET0703
enderase_admin_woreda_ET080102,ET080102,Damot Gale,enderase_admin_region_ET08,enderase_admin_zone_ET0801
enderase_admin_woreda_ET080111,ET080111,Damot Pullasa,enderase_admin_region_ET08,enderase_admin_zone_ET0801
enderase_admin_woreda_ET080109,ET080109,Damot Sore,enderase_admin_region_ET08,enderase_admin_zone_ET0801
enderase_admin_woreda_ET080103,ET080103,Damot Woide,enderase_admin_region_ET08,enderase_admin_zone_ET0801
enderase_admin_woreda_ET050603,ET050603,Danan,enderase_admin_region_ET05,enderase_admin_zone_ET0506
enderase_admin_woreda_ET030901,ET030901,Dangila,enderase_admin_region_ET03,enderase_admin_zone_ET0309
enderase_admin_woreda_ET030998,ET030998,Dangila town,enderase_admin_region_ET03,enderase_admin_zone_ET0309
enderase_admin_woreda_ET060201,ET060201,Dangur,enderase_admin_region_ET06,enderase_admin_zone_ET0602
enderase_admin_woreda_ET040507,ET040507,Dano,enderase_admin_region_ET04,enderase_admin_zone_ET0405
enderase_admin_woreda_ET050701,ET050701,Danod,enderase_admin_region_ET05,enderase_admin_zone_ET0507
enderase_admin_woreda_ET010506,ET010506,Dansha town,enderase_admin_region_ET01,enderase_admin_zone_ET0105
enderase_admin_woreda_ET160006,ET160006,Dara,enderase_admin_region_ET16,enderase_admin_zone_ET1600
enderase_admin_woreda_ET160025,ET160025,Dara Otilicho,enderase_admin_region_ET16,enderase_admin_zone_ET1600
enderase_admin_woreda_ET080208,ET080208,Daramalo,enderase_admin_region_ET08,enderase_admin_zone_ET0802
enderase_admin_woreda_ET160033,ET160033,Darara,enderase_admin_region_ET16,enderase_admin_zone_ET1600
enderase_admin_woreda_ET050788,ET050788,Daratole,enderase_admin_region_ET05,enderase_admin_zone_ET0507
enderase_admin_woreda_ET040301,ET040301,Darimu,enderase_admin_region_ET04,enderase_admin_zone_ET0403
enderase_admin_woreda_ET040909,ET040909,Daro Lebu,enderase_admin_region_ET04,enderase_admin_zone_ET0409
enderase_admin_woreda_ET050392,ET050392,Daror,enderase_admin_region_ET05,enderase_admin_zone_ET0503
enderase_admin_woreda_ET081202,ET081202,Dasenech /Kuraz,enderase_admin_region_ET08,enderase_admin_zone_ET0812
enderase_admin_woreda_ET020503,ET020503,Dawe,enderase_admin_region_ET02,enderase_admin_zone_ET0205
enderase_admin_woreda_ET042106,ET042106,Dawe Ketchen,enderase_admin_region_ET04,enderase_admin_zone_ET0421
enderase_admin_woreda_ET041304,ET041304,Dawo,enderase_admin_region_ET04,enderase_admin_zone_ET0413
enderase_admin_woreda_ET030311,ET030311,Dawunt,enderase_admin_region_ET03,enderase_admin_zone_ET0303
enderase_admin_woreda_ET160030,ET160030,Daye town,enderase_admin_region_ET16,enderase_admin_zone_ET1600
enderase_admin_woreda_ET030104,ET030104,Debark,enderase_admin_region_ET03,enderase_admin_zone_ET0301
enderase_admin_woreda_ET030198,ET030198,Debark town,enderase_admin_region_ET03,enderase_admin_zone_ET0301
enderase_admin_woreda_ET030607,ET030607,Debay Telatgen,enderase_admin_region_ET03,enderase_admin_zone_ET0306
enderase_admin_woreda_ET050504,ET050504,Debeweyin,enderase_admin_region_ET05,enderase_admin_zone_ET0505
enderase_admin_woreda_ET030520,ET030520,Debre Berhan town,enderase_admin_region_ET03,enderase_admin_zone_ET0305
enderase_admin_woreda_ET030608,ET030608,Debre Elias,enderase_admin_region_ET03,enderase_admin_zone_ET0306
enderase_admin_woreda_ET040607,ET040607,Debre Libanos,enderase_admin_region_ET04,enderase_admin_zone_ET0406
enderase_admin_woreda_ET030615,ET030615,Debre Markos town,enderase_admin_region_ET03,enderase_admin_zone_ET0306
enderase_admin_woreda_ET030527,ET030527,Debre Sina town,enderase_admin_region_ET03,enderase_admin_zone_ET0305
enderase_admin_woreda_ET030210,ET030210,Debre Tabor town,enderase_admin_region_ET03,enderase_admin_zone_ET0302
enderase_admin_woreda_ET030621,ET030621,Debrework town,enderase_admin_region_ET03,enderase_admin_zone_ET0306
enderase_admin_woreda_ET031305,ET031305,Debub Achefer,enderase_admin_region_ET03,enderase_admin_zone_ET0313
enderase_admin_woreda_ET110303,ET110303,Debub Bench,enderase_admin_region_ET11,enderase_admin_zone_ET1103
enderase_admin_woreda_ET031306,ET031306,Debub Mecha,enderase_admin_region_ET03,enderase_admin_zone_ET0313
enderase_admin_woreda_ET070406,ET070406,Debub Sodo,enderase_admin_region_ET07,enderase_admin_zone_ET0704
enderase_admin_woreda_ET110208,ET110208,Decha,enderase_admin_region_ET11,enderase_admin_zone_ET1102
enderase_admin_woreda_ET150111,ET150111,Dechatu,enderase_admin_region_ET15,enderase_admin_zone_ET1501
enderase_admin_woreda_ET041011,ET041011,Deder,enderase_admin_region_ET04,enderase_admin_zone_ET0410
enderase_admin_woreda_ET041097,ET041097,Deder town,enderase_admin_region_ET04,enderase_admin_zone_ET0410
enderase_admin_woreda_ET041608,ET041608,Dedesa,enderase_admin_region_ET04,enderase_admin_zone_ET0416
enderase_admin_woreda_ET040410,ET040410,Dedo,enderase_admin_region_ET04,enderase_admin_zone_ET0404
enderase_admin_woreda_ET041604,ET041604,Dega,enderase_admin_region_ET04,enderase_admin_zone_ET0416
enderase_admin_woreda_ET030707,ET030707,Dega Damot,enderase_admin_region_ET03,enderase_admin_zone_ET0307
enderase_admin_woreda_ET050307,ET050307,Degahabur town,enderase_admin_region_ET05,enderase_admin_zone_ET0503
enderase_admin_woreda_ET050302,ET050302,Degehabur,enderase_admin_region_ET05,enderase_admin_zone_ET0503
enderase_admin_woreda_ET050301,ET050301,Degehamedo,enderase_admin_region_ET05,enderase_admin_zone_ET0503
enderase_admin_woreda_ET040815,ET040815,Degeluna Tijo,enderase_admin_region_ET04,enderase_admin_zone_ET0408
enderase_admin_woreda_ET040605,ET040605,Degem,enderase_admin_region_ET04,enderase_admin_zone_ET0406
enderase_admin_woreda_ET030425,ET030425,Degolo town,enderase_admin_region_ET03,enderase_admin_zone_ET0304
enderase_admin_woreda_ET010604,ET010604,Degua Temben,enderase_admin_region_ET01,enderase_admin_zone_ET0106
enderase_admin_woreda_ET030803,ET030803,Dehana,enderase_admin_region_ET03,enderase_admin_zone_ET0308
enderase_admin_woreda_ET030613,ET030613,Dejen,enderase_admin_region_ET03,enderase_admin_zone_ET0306
enderase_admin_woreda_ET030698,ET030698,Dejen town,enderase_admin_region_ET03,enderase_admin_zone_ET0306
enderase_admin_woreda_ET050991,ET050991,Deka Suftu,enderase_admin_region_ET05,enderase_admin_zone_ET0509
enderase_admin_woreda_ET110215,ET110215,Deka town,enderase_admin_region_ET11,enderase_admin_zone_ET1102
enderase_admin_woreda_ET030406,ET030406,Delanta,enderase_admin_region_ET03,enderase_admin_zone_ET0304
enderase_admin_woreda_ET060404,ET060404,Dembe,enderase_admin_region_ET06,enderase_admin_zone_ET0604
enderase_admin_woreda_ET030708,ET030708,Dembecha,enderase_admin_region_ET03,enderase_admin_zone_ET0307
enderase_admin_woreda_ET050102,ET050102,Dembel,enderase_admin_region_ET05,enderase_admin_zone_ET0501
enderase_admin_woreda_ET080303,ET080303,Denba Gofa,enderase_admin_region_ET08,enderase_admin_zone_ET0803
enderase_admin_woreda_ET030717,ET030717,Denbecha town,enderase_admin_region_ET03,enderase_admin_zone_ET0307
enderase_admin_woreda_ET041806,ET041806,Denbi Dollo town,enderase_admin_region_ET04,enderase_admin_zone_ET0418
enderase_admin_woreda_ET040510,ET040510,Dendi,enderase_admin_region_ET04,enderase_admin_zone_ET0405
enderase_admin_woreda_ET031404,ET031404,Deq,enderase_admin_region_ET03,enderase_admin_zone_ET0314
enderase_admin_woreda_ET030209,ET030209,Dera (AM),enderase_admin_region_ET03,enderase_admin_zone_ET0302
enderase_admin_woreda_ET040602,ET040602,Dera (OR),enderase_admin_region_ET04,enderase_admin_zone_ET0406
enderase_admin_woreda_ET040895,ET040895,Dera town,enderase_admin_region_ET04,enderase_admin_zone_ET0408
enderase_admin_woreda_ET080701,ET080701,Derashe,enderase_admin_region_ET08,enderase_admin_zone_ET0807
enderase_admin_woreda_ET030418,ET030418,Dessie town,enderase_admin_region_ET03,enderase_admin_zone_ET0304
enderase_admin_woreda_ET030409,ET030409,Dessie Zuria,enderase_admin_region_ET03,enderase_admin_zone_ET0304
enderase_admin_woreda_ET031001,ET031001,Dewa Cheffa,enderase_admin_region_ET03,enderase_admin_zone_ET0310
enderase_admin_woreda_ET031005,ET031005,Dewa Harewa,enderase_admin_region_ET03,enderase_admin_zone_ET0310
enderase_admin_woreda_ET042209,ET042209,Dhas,enderase_admin_region_ET04,enderase_admin_zone_ET0422
enderase_admin_woreda_ET060205,ET060205,Dibate,enderase_admin_region_ET06,enderase_admin_zone_ET0602
enderase_admin_woreda_ET040317,ET040317,Didu,enderase_admin_region_ET04,enderase_admin_zone_ET0403
enderase_admin_woreda_ET050399,ET050399,Dig,enderase_admin_region_ET05,enderase_admin_zone_ET0503
enderase_admin_woreda_ET040210,ET040210,Diga,enderase_admin_region_ET04,enderase_admin_zone_ET0402
enderase_admin_woreda_ET051006,ET051006,Dihun,enderase_admin_region_ET05,enderase_admin_zone_ET0510
enderase_admin_woreda_ET040822,ET040822,Diksis,enderase_admin_region_ET04,enderase_admin_zone_ET0408
enderase_admin_woreda_ET081109,ET081109,Dila town,enderase_admin_region_ET08,enderase_admin_zone_ET0811
enderase_admin_woreda_ET081105,ET081105,Dila Zuria,enderase_admin_region_ET08,enderase_admin_zone_ET0811
enderase_admin_woreda_ET041219,ET041219,Dilo,enderase_admin_region_ET04,enderase_admin_zone_ET0412
enderase_admin_woreda_ET120205,ET120205,Dima (GM),enderase_admin_region_ET12,enderase_admin_zone_ET1202
enderase_admin_woreda_ET041122,ET041122,Dinsho,enderase_admin_region_ET04,enderase_admin_zone_ET0411
enderase_admin_woreda_ET041211,ET041211,Dire,enderase_admin_region_ET04,enderase_admin_zone_ET0412
enderase_admin_woreda_ET130106,ET130106,Dire Teyara,enderase_admin_region_ET13,enderase_admin_zone_ET1301
enderase_admin_woreda_ET110409,ET110409,Disa,enderase_admin_region_ET11,enderase_admin_zone_ET1104
enderase_admin_woreda_ET080209,ET080209,Dita,enderase_admin_region_ET08,enderase_admin_zone_ET0802
enderase_admin_woreda_ET040902,ET040902,Doba,enderase_admin_region_ET04,enderase_admin_zone_ET0409
enderase_admin_woreda_ET041707,ET041707,Dodola,enderase_admin_region_ET04,enderase_admin_zone_ET0417
enderase_admin_woreda_ET041700,ET041700,Dodola town,enderase_admin_region_ET04,enderase_admin_zone_ET0417
enderase_admin_woreda_ET040805,ET040805,Dodota,enderase_admin_region_ET04,enderase_admin_zone_ET0408
enderase_admin_woreda_ET050902,ET050902,Dolo Ado,enderase_admin_region_ET05,enderase_admin_zone_ET0509
enderase_admin_woreda_ET050808,ET050808,Dolobay,enderase_admin_region_ET05,enderase_admin_zone_ET0508
enderase_admin_woreda_ET040324,ET040324,Dorani,enderase_admin_region_ET04,enderase_admin_zone_ET0403
enderase_admin_woreda_ET070306,ET070306,Doyogena,enderase_admin_region_ET07,enderase_admin_zone_ET0703
enderase_admin_woreda_ET041291,ET041291,Dubluk,enderase_admin_region_ET04,enderase_admin_zone_ET0412
enderase_admin_woreda_ET020101,ET020101,Dubti,enderase_admin_region_ET02,enderase_admin_zone_ET0201
enderase_admin_woreda_ET020107,ET020107,Dubti town,enderase_admin_region_ET02,enderase_admin_zone_ET0201
enderase_admin_woreda_ET040707,ET040707,Dugda,enderase_admin_region_ET04,enderase_admin_zone_ET0407
enderase_admin_woreda_ET041515,ET041515,Dugda Dawa,enderase_admin_region_ET04,enderase_admin_zone_ET0415
enderase_admin_woreda_ET080112,ET080112,Duguna Fango,enderase_admin_region_ET08,enderase_admin_zone_ET0801
enderase_admin_woreda_ET020304,ET020304,Dulecha,enderase_admin_region_ET02,enderase_admin_zone_ET0203
enderase_admin_woreda_ET070207,ET070207,Duna,enderase_admin_region_ET07,enderase_admin_zone_ET0702
enderase_admin_woreda_ET070308,ET070308,Durame town,enderase_admin_region_ET07,enderase_admin_zone_ET0703
enderase_admin_woreda_ET031308,ET031308,Dure Bete,enderase_admin_region_ET03,enderase_admin_zone_ET0313
enderase_admin_woreda_ET031117,ET031117,East Belesa,enderase_admin_region_ET03,enderase_admin_zone_ET0311
enderase_admin_woreda_ET031111,ET031111,East Dembia,enderase_admin_region_ET03,enderase_admin_zone_ET0311
enderase_admin_woreda_ET030208,ET030208,East Esite,enderase_admin_region_ET03,enderase_admin_zone_ET0302
enderase_admin_woreda_ET050601,ET050601,East Imi,enderase_admin_region_ET05,enderase_admin_zone_ET0506
enderase_admin_woreda_ET030201,ET030201,Ebenat,enderase_admin_region_ET03,enderase_admin_zone_ET0302
enderase_admin_woreda_ET030217,ET030217,Ebenat town,enderase_admin_region_ET03,enderase_admin_zone_ET0302
enderase_admin_woreda_ET010311,ET010311,Edaga Hamus town,enderase_admin_region_ET01,enderase_admin_zone_ET0103
enderase_admin_woreda_ET030508,ET030508,Eferatana Gidem,enderase_admin_region_ET03,enderase_admin_zone_ET0305
enderase_admin_woreda_ET010216,ET010216,Egela,enderase_admin_region_ET01,enderase_admin_zone_ET0102
enderase_admin_woreda_ET040511,ET040511,Ejere /Addis Alem,enderase_admin_region_ET04,enderase_admin_zone_ET0405
enderase_admin_woreda_ET040590,ET040590,Ejersa Lafo,enderase_admin_region_ET04,enderase_admin_zone_ET0405
enderase_admin_woreda_ET042002,ET042002,Eka Tafo,enderase_admin_region_ET04,enderase_admin_zone_ET0420
enderase_admin_woreda_ET050598,ET050598,El-Ogaden,enderase_admin_region_ET05,enderase_admin_zone_ET0505
enderase_admin_woreda_ET110604,ET110604,Elahanchano,enderase_admin_region_ET11,enderase_admin_zone_ET1106
enderase_admin_woreda_ET050698,ET050698,Elale,enderase_admin_region_ET05,enderase_admin_zone_ET0506
enderase_admin_woreda_ET020102,ET020102,Elidar,enderase_admin_region_ET02,enderase_admin_zone_ET0201
enderase_admin_woreda_ET050804,ET050804,Elkare /Serer,enderase_admin_region_ET05,enderase_admin_zone_ET0508
enderase_admin_woreda_ET041295,ET041295,Elwaya,enderase_admin_region_ET04,enderase_admin_zone_ET0412
enderase_admin_woreda_ET051002,ET051002,Elwayne,enderase_admin_region_ET05,enderase_admin_zone_ET0510
enderase_admin_woreda_ET010404,ET010404,Emba Alaje,enderase_admin_region_ET01,enderase_admin_zone_ET0104
enderase_admin_woreda_ET010219,ET010219,Emba Sieneti,enderase_admin_region_ET01,enderase_admin_zone_ET0102
enderase_admin_woreda_ET070116,ET070116,Emdebir town,enderase_admin_region_ET07,enderase_admin_zone_ET0701
enderase_admin_woreda_ET030605,ET030605,Enarj Enawga,enderase_admin_region_ET03,enderase_admin_zone_ET0306
enderase_admin_woreda_ET010203,ET010203,Endaba Tsahma,enderase_admin_region_ET01,enderase_admin_zone_ET0102
enderase_admin_woreda_ET010114,ET010114,Endabaguna town,enderase_admin_region_ET01,enderase_admin_zone_ET0101
enderase_admin_woreda_ET010218,ET010218,Endafelasi,enderase_admin_region_ET01,enderase_admin_zone_ET0102
enderase_admin_woreda_ET010405,ET010405,Endamehoni,enderase_admin_region_ET01,enderase_admin_zone_ET0104
enderase_admin_woreda_ET010602,ET010602,Enderta,enderase_admin_region_ET01,enderase_admin_zone_ET0106
enderase_admin_woreda_ET070108,ET070108,Endiguagn,enderase_admin_region_ET07,enderase_admin_zone_ET0701
enderase_admin_woreda_ET030604,ET030604,Enebse Sarmder,enderase_admin_region_ET03,enderase_admin_zone_ET0306
enderase_admin_woreda_ET030606,ET030606,Enemay,enderase_admin_region_ET03,enderase_admin_zone_ET0306
enderase_admin_woreda_ET070111,ET070111,Enemor Ener,enderase_admin_region_ET07,enderase_admin_zone_ET0701
enderase_admin_woreda_ET030528,ET030528,Enewari town,enderase_admin_region_ET03,enderase_admin_zone_ET0305
enderase_admin_woreda_ET070120,ET070120,Enor Ener,enderase_admin_region_ET07,enderase_admin_zone_ET0701
enderase_admin_woreda_ET030503,ET030503,Ensaro,enderase_admin_region_ET03,enderase_admin_zone_ET0305
enderase_admin_woreda_ET010220,ET010220,Enticho town,enderase_admin_region_ET01,enderase_admin_zone_ET0102
enderase_admin_woreda_ET020201,ET020201,Erebti,enderase_admin_region_ET02,enderase_admin_zone_ET0202
enderase_admin_woreda_ET130105,ET130105,Erer (HR),enderase_admin_region_ET13,enderase_admin_zone_ET1301
enderase_admin_woreda_ET050104,ET050104,Erer (SM),enderase_admin_region_ET05,enderase_admin_zone_ET0501
enderase_admin_woreda_ET010302,ET010302,Erob,enderase_admin_region_ET01,enderase_admin_zone_ET0103
enderase_admin_woreda_ET110405,ET110405,Esara,enderase_admin_region_ET11,enderase_admin_zone_ET1104
enderase_admin_woreda_ET020402,ET020402,Euwa,enderase_admin_region_ET02,enderase_admin_zone_ET0204
enderase_admin_woreda_ET070103,ET070103,Ezha,enderase_admin_region_ET07,enderase_admin_zone_ET0701
enderase_admin_woreda_ET030905,ET030905,Fagta Lakoma,enderase_admin_region_ET03,enderase_admin_zone_ET0309
enderase_admin_woreda_ET030204,ET030204,Farta,enderase_admin_region_ET03,enderase_admin_zone_ET0302
enderase_admin_woreda_ET041005,ET041005,Fedis,enderase_admin_region_ET04,enderase_admin_zone_ET0410
enderase_admin_woreda_ET030912,ET030912,Fendika town,enderase_admin_region_ET03,enderase_admin_zone_ET0309
enderase_admin_woreda_ET040701,ET040701,Fentale,enderase_admin_region_ET04,enderase_admin_zone_ET0407
enderase_admin_woreda_ET050607,ET050607,Ferfer,enderase_admin_region_ET05,enderase_admin_zone_ET0506
enderase_admin_woreda_ET040613,ET040613,Fiche town,enderase_admin_region_ET04,enderase_admin_zone_ET0406
enderase_admin_woreda_ET050402,ET050402,Fik,enderase_admin_region_ET05,enderase_admin_zone_ET0504
enderase_admin_woreda_ET030314,ET030314,Filakit town,enderase_admin_region_ET03,enderase_admin_zone_ET0303
enderase_admin_woreda_ET050901,ET050901,Filtu,enderase_admin_region_ET05,enderase_admin_zone_ET0509
enderase_admin_woreda_ET030714,ET030714,Finote Selam town,enderase_admin_region_ET03,enderase_admin_zone_ET0307
enderase_admin_woreda_ET030203,ET030203,Fogera,enderase_admin_region_ET03,enderase_admin_zone_ET0302
enderase_admin_woreda_ET010313,ET010313,Freweyni town,enderase_admin_region_ET01,enderase_admin_zone_ET0103
enderase_admin_woreda_ET042003,ET042003,Furi,enderase_admin_region_ET04,enderase_admin_zone_ET0420
enderase_admin_woreda_ET050199,ET050199,Gablalu,enderase_admin_region_ET05,enderase_admin_zone_ET0501
enderase_admin_woreda_ET110501,ET110501,Gachit,enderase_admin_region_ET11,enderase_admin_zone_ET1105
enderase_admin_woreda_ET080210,ET080210,Gacho Baba,enderase_admin_region_ET08,enderase_admin_zone_ET0802
enderase_admin_woreda_ET040113,ET040113,Gaji,enderase_admin_region_ET04,enderase_admin_zone_ET0401
enderase_admin_woreda_ET020305,ET020305,Gala'alu,enderase_admin_region_ET02,enderase_admin_zone_ET0203
enderase_admin_woreda_ET050703,ET050703,Galadi,enderase_admin_region_ET05,enderase_admin_zone_ET0507
enderase_admin_woreda_ET042094,ET042094,Galan,enderase_admin_region_ET04,enderase_admin_zone_ET0420
enderase_admin_woreda_ET042005,ET042005,Galan Gudo,enderase_admin_region_ET04,enderase_admin_zone_ET0420
enderase_admin_woreda_ET050799,ET050799,Galhamur,enderase_admin_region_ET05,enderase_admin_zone_ET0507
enderase_admin_woreda_ET120200,ET120200,Gambela National Park,enderase_admin_region_ET12,enderase_admin_zone_ET1202
enderase_admin_woreda_ET120206,ET120206,Gambela town,enderase_admin_region_ET12,enderase_admin_zone_ET1202
enderase_admin_woreda_ET120202,ET120202,Gambela Zuria,enderase_admin_region_ET12,enderase_admin_zone_ET1202
enderase_admin_woreda_ET010304,ET010304,Ganta Afeshum,enderase_admin_region_ET01,enderase_admin_zone_ET0103
enderase_admin_woreda_ET040616,ET040616,Garba Guracha,enderase_admin_region_ET04,enderase_admin_zone_ET0406
enderase_admin_woreda_ET051003,ET051003,Garbo,enderase_admin_region_ET05,enderase_admin_zone_ET0510
enderase_admin_woreda_ET080211,ET080211,Garda Marta,enderase_admin_region_ET08,enderase_admin_zone_ET0802
enderase_admin_woreda_ET041106,ET041106,Gasera,enderase_admin_region_ET04,enderase_admin_zone_ET0411
enderase_admin_woreda_ET050304,ET050304,Gashamo,enderase_admin_region_ET05,enderase_admin_zone_ET0503
enderase_admin_woreda_ET030315,ET030315,Gashena town,enderase_admin_region_ET03,enderase_admin_zone_ET0303
enderase_admin_woreda_ET041804,ET041804,Gawo Kebe,enderase_admin_region_ET04,enderase_admin_zone_ET0418
enderase_admin_woreda_ET030804,ET030804,Gaz Gibla,enderase_admin_region_ET03,enderase_admin_zone_ET0308
enderase_admin_woreda_ET030312,ET030312,Gazo,enderase_admin_region_ET03,enderase_admin_zone_ET0303
enderase_admin_woreda_ET041606,ET041606,Gechi,enderase_admin_region_ET04,enderase_admin_zone_ET0416
enderase_admin_woreda_ET081106,ET081106,Gedeb,enderase_admin_region_ET08,enderase_admin_zone_ET0811
enderase_admin_woreda_ET041706,ET041706,Gedeb Asasa,enderase_admin_region_ET04,enderase_admin_zone_ET0417
enderase_admin_woreda_ET081110,ET081110,Gedeb town,enderase_admin_region_ET08,enderase_admin_zone_ET0811
enderase_admin_woreda_ET070104,ET070104,Gedebano Gutazer Welene,enderase_admin_region_ET07,enderase_admin_zone_ET0701
enderase_admin_woreda_ET042006,ET042006,Gefersa Guje,enderase_admin_region_ET04,enderase_admin_zone_ET0420
enderase_admin_woreda_ET041517,ET041517,Gelana (West Guji),enderase_admin_region_ET04,enderase_admin_zone_ET0415
enderase_admin_woreda_ET080504,ET080504,Gelila town,enderase_admin_region_ET08,enderase_admin_zone_ET0805
enderase_admin_woreda_ET040912,ET040912,Gemechis,enderase_admin_region_ET04,enderase_admin_zone_ET0409
enderase_admin_woreda_ET110404,ET110404,Gena,enderase_admin_region_ET11,enderase_admin_zone_ET1104
enderase_admin_woreda_ET150110,ET150110,Gende Kore,enderase_admin_region_ET15,enderase_admin_zone_ET1501
enderase_admin_woreda_ET031292,ET031292,Gende Wuha town,enderase_admin_region_ET03,enderase_admin_zone_ET0312
enderase_admin_woreda_ET040408,ET040408,Gera,enderase_admin_region_ET04,enderase_admin_zone_ET0404
enderase_admin_woreda_ET010317,ET010317,Geraleta,enderase_admin_region_ET01,enderase_admin_zone_ET0103
enderase_admin_woreda_ET020601,ET020601,Gerani,enderase_admin_region_ET02,enderase_admin_zone_ET0206
enderase_admin_woreda_ET040606,ET040606,Gerar Jarso,enderase_admin_region_ET04,enderase_admin_zone_ET0406
enderase_admin_woreda_ET080212,ET080212,Geressie,enderase_admin_region_ET08,enderase_admin_zone_ET0802
enderase_admin_woreda_ET080213,ET080213,Geressie town,enderase_admin_region_ET08,enderase_admin_zone_ET0802
enderase_admin_woreda_ET110412,ET110412,Gesa town,enderase_admin_region_ET11,enderase_admin_zone_ET1104
enderase_admin_woreda_ET110202,ET110202,Gesha,enderase_admin_region_ET11,enderase_admin_zone_ET1102
enderase_admin_woreda_ET080117,ET080117,Gesuba town,enderase_admin_region_ET08,enderase_admin_zone_ET0801
enderase_admin_woreda_ET070113,ET070113,Geta,enderase_admin_region_ET07,enderase_admin_zone_ET0701
enderase_admin_woreda_ET020303,ET020303,Gewane,enderase_admin_region_ET02,enderase_admin_zone_ET0203
enderase_admin_woreda_ET110203,ET110203,Gewata,enderase_admin_region_ET11,enderase_admin_zone_ET1102
enderase_admin_woreda_ET080304,ET080304,Gezei Gofa,enderase_admin_region_ET08,enderase_admin_zone_ET0803
enderase_admin_woreda_ET070210,ET070210,Gibe,enderase_admin_region_ET07,enderase_admin_zone_ET0702
enderase_admin_woreda_ET040203,ET040203,Gida Ayana,enderase_admin_region_ET04,enderase_admin_zone_ET0402
enderase_admin_woreda_ET041809,ET041809,Gidami,enderase_admin_region_ET04,enderase_admin_zone_ET0418
enderase_admin_woreda_ET030303,ET030303,Gidan,enderase_admin_region_ET03,enderase_admin_zone_ET0303
enderase_admin_woreda_ET110306,ET110306,Gidi Bench,enderase_admin_region_ET11,enderase_admin_zone_ET1103
enderase_admin_woreda_ET080702,ET080702,Gidole town,enderase_admin_region_ET08,enderase_admin_zone_ET0807
enderase_admin_woreda_ET060200,ET060200,Gilgel Beles town,enderase_admin_region_ET06,enderase_admin_zone_ET0602
enderase_admin_woreda_ET040103,ET040103,Gimbi,enderase_admin_region_ET04,enderase_admin_zone_ET0401
enderase_admin_woreda_ET040193,ET040193,Gimbi town,enderase_admin_region_ET04,enderase_admin_zone_ET0401
enderase_admin_woreda_ET040705,ET040705,Gimbichu,enderase_admin_region_ET04,enderase_admin_zone_ET0407
enderase_admin_woreda_ET070213,ET070213,Gimbichu town,enderase_admin_region_ET07,enderase_admin_zone_ET0702
enderase_admin_woreda_ET110204,ET110204,Gimbo,enderase_admin_region_ET11,enderase_admin_zone_ET1102
enderase_admin_woreda_ET040501,ET040501,Ginde Beret,enderase_admin_region_ET04,enderase_admin_zone_ET0405
enderase_admin_woreda_ET030620,ET030620,Gindewoin town,enderase_admin_region_ET03,enderase_admin_zone_ET0306
enderase_admin_woreda_ET042103,ET042103,Ginir,enderase_admin_region_ET04,enderase_admin_zone_ET0421
enderase_admin_woreda_ET042107,ET042107,Ginir town,enderase_admin_region_ET04,enderase_admin_zone_ET0421
enderase_admin_woreda_ET041016,ET041016,Girawa,enderase_admin_region_ET04,enderase_admin_zone_ET0410
enderase_admin_woreda_ET041410,ET041410,Girja /Harenfema,enderase_admin_region_ET04,enderase_admin_zone_ET0414
enderase_admin_woreda_ET030506,ET030506,Gishe Rabel,enderase_admin_region_ET03,enderase_admin_zone_ET0305
enderase_admin_woreda_ET041110,ET041110,Goba (OR),enderase_admin_region_ET04,enderase_admin_zone_ET0411
enderase_admin_woreda_ET110212,ET110212,Goba (SP),enderase_admin_region_ET11,enderase_admin_zone_ET1102
enderase_admin_woreda_ET040907,ET040907,Goba Koricha,enderase_admin_region_ET04,enderase_admin_zone_ET0409
enderase_admin_woreda_ET041120,ET041120,Goba town,enderase_admin_region_ET04,enderase_admin_zone_ET0411
enderase_admin_woreda_ET040208,ET040208,Gobu Seyo,enderase_admin_region_ET04,enderase_admin_zone_ET0402
enderase_admin_woreda_ET050899,ET050899,God-God,enderase_admin_region_ET05,enderase_admin_zone_ET0508
enderase_admin_woreda_ET050604,ET050604,Gode,enderase_admin_region_ET05,enderase_admin_zone_ET0506
enderase_admin_woreda_ET120301,ET120301,Godere,enderase_admin_region_ET12,enderase_admin_zone_ET1203
enderase_admin_woreda_ET050696,ET050696,Godey town,enderase_admin_region_ET05,enderase_admin_zone_ET0506
enderase_admin_woreda_ET120203,ET120203,Gog,enderase_admin_region_ET12,enderase_admin_zone_ET1202
enderase_admin_woreda_ET050595,ET050595,Goglo,enderase_admin_region_ET05,enderase_admin_zone_ET0505
enderase_admin_woreda_ET050290,ET050290,Goljano,enderase_admin_region_ET05,enderase_admin_zone_ET0502
enderase_admin_woreda_ET041017,ET041017,Golo Oda,enderase_admin_region_ET04,enderase_admin_zone_ET0410
enderase_admin_woreda_ET040803,ET040803,Golocha,enderase_admin_region_ET04,enderase_admin_zone_ET0408
enderase_admin_woreda_ET042101,ET042101,Gololcha Bale,enderase_admin_region_ET04,enderase_admin_zone_ET0421
enderase_admin_woreda_ET040407,ET040407,Goma,enderase_admin_region_ET04,enderase_admin_zone_ET0404
enderase_admin_woreda_ET070202,ET070202,Gombora,enderase_admin_region_ET07,enderase_admin_zone_ET0702
enderase_admin_woreda_ET041223,ET041223,Gomole,enderase_admin_region_ET04,enderase_admin_zone_ET0412
enderase_admin_woreda_ET030603,ET030603,Goncha Siso Enebse,enderase_admin_region_ET03,enderase_admin_zone_ET0306
enderase_admin_woreda_ET031118,ET031118,Gondar town,enderase_admin_region_ET03,enderase_admin_zone_ET0311
enderase_admin_woreda_ET031110,ET031110,Gonder Zuria,enderase_admin_region_ET03,enderase_admin_zone_ET0311
enderase_admin_woreda_ET031307,ET031307,Gonje,enderase_admin_region_ET03,enderase_admin_zone_ET0313
enderase_admin_woreda_ET042205,ET042205,Gora Dola,enderase_admin_region_ET04,enderase_admin_zone_ET0422
enderase_admin_woreda_ET160011,ET160011,Gorche,enderase_admin_region_ET16,enderase_admin_zone_ET1600
enderase_admin_woreda_ET110503,ET110503,Gori Gesha,enderase_admin_region_ET11,enderase_admin_zone_ET1105
enderase_admin_woreda_ET041116,ET041116,Goro (Bale),enderase_admin_region_ET04,enderase_admin_zone_ET0411
enderase_admin_woreda_ET041312,ET041312,Goro (SW Shewa),enderase_admin_region_ET04,enderase_admin_zone_ET0413
enderase_admin_woreda_ET050903,ET050903,Goro Baqaqsa,enderase_admin_region_ET05,enderase_admin_zone_ET0509
enderase_admin_woreda_ET041010,ET041010,Goro Gutu,enderase_admin_region_ET04,enderase_admin_zone_ET0410
enderase_admin_woreda_ET041089,ET041089,Goro Muti,enderase_admin_region_ET04,enderase_admin_zone_ET0410
enderase_admin_woreda_ET050198,ET050198,Gota-Biki,enderase_admin_region_ET05,enderase_admin_zone_ET0501
enderase_admin_woreda_ET030907,ET030907,Guagusa Shikudad,enderase_admin_region_ET03,enderase_admin_zone_ET0309
enderase_admin_woreda_ET030904,ET030904,Guangua,enderase_admin_region_ET03,enderase_admin_zone_ET0309
enderase_admin_woreda_ET060202,ET060202,Guba,enderase_admin_region_ET06,enderase_admin_zone_ET0602
enderase_admin_woreda_ET030307,ET030307,Guba Lafto,enderase_admin_region_ET03,enderase_admin_zone_ET0303
enderase_admin_woreda_ET041290,ET041290,Guchi,enderase_admin_region_ET04,enderase_admin_zone_ET0412
enderase_admin_woreda_ET040109,ET040109,Gudetu Kondole,enderase_admin_region_ET04,enderase_admin_zone_ET0401
enderase_admin_woreda_ET041903,ET041903,Guduru,enderase_admin_region_ET04,enderase_admin_zone_ET0419
enderase_admin_woreda_ET140110,ET140110,Gulele Sub City,enderase_admin_region_ET14,enderase_admin_zone_ET1401
enderase_admin_woreda_ET020405,ET020405,Gulina,enderase_admin_region_ET02,enderase_admin_zone_ET0204
enderase_admin_woreda_ET040119,ET040119,Guliso,enderase_admin_region_ET04,enderase_admin_zone_ET0401
enderase_admin_woreda_ET010301,ET010301,Gulo Mekeda,enderase_admin_region_ET01,enderase_admin_zone_ET0103
enderase_admin_woreda_ET040416,ET040416,Gumay,enderase_admin_region_ET04,enderase_admin_zone_ET0404
enderase_admin_woreda_ET040991,ET040991,Gumbi Bordede,enderase_admin_region_ET04,enderase_admin_zone_ET0409
enderase_admin_woreda_ET070109,ET070109,Gumer,enderase_admin_region_ET07,enderase_admin_zone_ET0701
enderase_admin_woreda_ET042206,ET042206,Gumi Idalo,enderase_admin_region_ET04,enderase_admin_zone_ET0422
enderase_admin_woreda_ET040819,ET040819,Guna,enderase_admin_region_ET04,enderase_admin_zone_ET0408
enderase_admin_woreda_ET030212,ET030212,Guna Begemider,enderase_admin_region_ET03,enderase_admin_zone_ET0302
enderase_admin_woreda_ET050305,ET050305,Gunagado,enderase_admin_region_ET05,enderase_admin_zone_ET0503
enderase_admin_woreda_ET080118,ET080118,Gununo Hamus town,enderase_admin_region_ET08,enderase_admin_zone_ET0801
enderase_admin_woreda_ET041115,ET041115,Gura Damole,enderase_admin_region_ET04,enderase_admin_zone_ET0411
enderase_admin_woreda_ET050904,ET050904,Guradamole,enderase_admin_region_ET05,enderase_admin_zone_ET0509
enderase_admin_woreda_ET110302,ET110302,Gurafereda,enderase_admin_region_ET11,enderase_admin_zone_ET1103
enderase_admin_woreda_ET041003,ET041003,Gursum (OR),enderase_admin_region_ET04,enderase_admin_zone_ET0410
enderase_admin_woreda_ET050202,ET050202,Gursum (SM),enderase_admin_region_ET05,enderase_admin_zone_ET0502
enderase_admin_woreda_ET040213,ET040213,Guto Gida,enderase_admin_region_ET04,enderase_admin_zone_ET0402
enderase_admin_woreda_ET030610,ET030610,Guzamn,enderase_admin_region_ET03,enderase_admin_zone_ET0306
enderase_admin_woreda_ET040908,ET040908,Habro,enderase_admin_region_ET04,enderase_admin_zone_ET0409
enderase_admin_woreda_ET030308,ET030308,Habru,enderase_admin_region_ET03,enderase_admin_zone_ET0303
enderase_admin_woreda_ET020505,ET020505,Hadelela,enderase_admin_region_ET02,enderase_admin_zone_ET0205
enderase_admin_woreda_ET070312,ET070312,Hadero town,enderase_admin_region_ET07,enderase_admin_zone_ET0703
enderase_admin_woreda_ET070305,ET070305,Hadero Tunto,enderase_admin_region_ET07,enderase_admin_zone_ET0703
enderase_admin_woreda_ET050106,ET050106,Hadhagala,enderase_admin_region_ET05,enderase_admin_zone_ET0501
enderase_admin_woreda_ET010702,ET010702,Hadnet Sub City,enderase_admin_region_ET01,enderase_admin_zone_ET0107
enderase_admin_woreda_ET150112,ET150112,Hafat Issa,enderase_admin_region_ET15,enderase_admin_zone_ET1501
enderase_admin_woreda_ET030516,ET030516,Hagere Mariam,enderase_admin_region_ET03,enderase_admin_zone_ET0305
enderase_admin_woreda_ET010605,ET010605,Hagere Selam town,enderase_admin_region_ET01,enderase_admin_zone_ET0106
enderase_admin_woreda_ET010217,ET010217,Hahayle,enderase_admin_region_ET01,enderase_admin_zone_ET0102
enderase_admin_woreda_ET130104,ET130104,Hakim,enderase_admin_region_ET13,enderase_admin_zone_ET1301
enderase_admin_woreda_ET040319,ET040319,Halu /Huka,enderase_admin_region_ET04,enderase_admin_zone_ET0403
enderase_admin_woreda_ET041509,ET041509,Hambela Wamena,enderase_admin_region_ET04,enderase_admin_zone_ET0415
enderase_admin_woreda_ET081203,ET081203,Hamer,enderase_admin_region_ET08,enderase_admin_zone_ET0812
enderase_admin_woreda_ET050404,ET050404,Hamero,enderase_admin_region_ET05,enderase_admin_zone_ET0504
enderase_admin_woreda_ET030218,ET030218,Hamusit town,enderase_admin_region_ET03,enderase_admin_zone_ET0302
enderase_admin_woreda_ET020307,ET020307,Hanruka,enderase_admin_region_ET02,enderase_admin_zone_ET0203
enderase_admin_woreda_ET030306,ET030306,Hara town,enderase_admin_region_ET03,enderase_admin_zone_ET0303
enderase_admin_woreda_ET051096,ET051096,Hararey,enderase_admin_region_ET05,enderase_admin_zone_ET0510
enderase_admin_woreda_ET050299,ET050299,Harawo,enderase_admin_region_ET05,enderase_admin_zone_ET0502
enderase_admin_woreda_ET030429,ET030429,Harbu town,enderase_admin_region_ET03,enderase_admin_zone_ET0304
enderase_admin_woreda_ET041111,ET041111,Harena Buluk,enderase_admin_region_ET04,enderase_admin_zone_ET0411
enderase_admin_woreda_ET050806,ET050806,Hargele,enderase_admin_region_ET05,enderase_admin_zone_ET0508
enderase_admin_woreda_ET040204,ET040204,Haro Limu,enderase_admin_region_ET04,enderase_admin_zone_ET0402
enderase_admin_woreda_ET041006,ET041006,Haro Maya,enderase_admin_region_ET04,enderase_admin_zone_ET0410
enderase_admin_woreda_ET041490,ET041490,Haro Walabu,enderase_admin_region_ET04,enderase_admin_zone_ET0414
enderase_admin_woreda_ET050298,ET050298,Haroreys,enderase_admin_region_ET05,enderase_admin_zone_ET0502
enderase_admin_woreda_ET050207,ET050207,Harshin,enderase_admin_region_ET05,enderase_admin_zone_ET0502
enderase_admin_woreda_ET040114,ET040114,Haru,enderase_admin_region_ET04,enderase_admin_zone_ET0401
enderase_admin_woreda_ET041801,ET041801,Hawa Galan,enderase_admin_region_ET04,enderase_admin_zone_ET0418
enderase_admin_woreda_ET160018,ET160018,Hawasa town,enderase_admin_region_ET16,enderase_admin_zone_ET1600
enderase_admin_woreda_ET160002,ET160002,Hawassa Zuria,enderase_admin_region_ET16,enderase_admin_zone_ET1600
enderase_admin_woreda_ET160023,ET160023,Hawela,enderase_admin_region_ET16,enderase_admin_zone_ET1600
enderase_admin_woreda_ET010704,ET010704,Hawelti Sub City,enderase_admin_region_ET01,enderase_admin_zone_ET0107
enderase_admin_woreda_ET040915,ET040915,Hawi Gudina,enderase_admin_region_ET04,enderase_admin_zone_ET0409
enderase_admin_woreda_ET010305,ET010305,Hawzen,enderase_admin_region_ET01,enderase_admin_zone_ET0103
enderase_admin_woreda_ET010312,ET010312,Hawzen town,enderase_admin_region_ET01,enderase_admin_zone_ET0103
enderase_admin_woreda_ET041783,ET041783,Heban Arsi,enderase_admin_region_ET04,enderase_admin_zone_ET0417
enderase_admin_woreda_ET040603,ET040603,Hidabu Abote,enderase_admin_region_ET04,enderase_admin_zone_ET0406
enderase_admin_woreda_ET050597,ET050597,Higloley,enderase_admin_region_ET05,enderase_admin_zone_ET0505
enderase_admin_woreda_ET030499,ET030499,Hike town,enderase_admin_region_ET03,enderase_admin_zone_ET0304
enderase_admin_woreda_ET010603,ET010603,Hintalo,enderase_admin_region_ET01,enderase_admin_zone_ET0106
enderase_admin_woreda_ET040807,ET040807,Hitosa,enderase_admin_region_ET04,enderase_admin_zone_ET0408
enderase_admin_woreda_ET080119,ET080119,Hobicha Abaya,enderase_admin_region_ET08,enderase_admin_zone_ET0801
enderase_admin_woreda_ET160031,ET160031,Hokko,enderase_admin_region_ET16,enderase_admin_zone_ET1600
enderase_admin_woreda_ET040512,ET040512,Holeta town,enderase_admin_region_ET04,enderase_admin_zone_ET0405
enderase_admin_woreda_ET040117,ET040117,Homa,enderase_admin_region_ET04,enderase_admin_zone_ET0401
enderase_admin_woreda_ET060307,ET060307,Homosha,enderase_admin_region_ET06,enderase_admin_zone_ET0603
enderase_admin_woreda_ET041901,ET041901,Horo,enderase_admin_region_ET04,enderase_admin_zone_ET0419
enderase_admin_woreda_ET041912,ET041912,Horo Buluk,enderase_admin_region_ET04,enderase_admin_zone_ET0419
enderase_admin_woreda_ET051095,ET051095,Horshagah,enderase_admin_region_ET05,enderase_admin_zone_ET0510
enderase_admin_woreda_ET070211,ET070211,Hosaena town,enderase_admin_region_ET07,enderase_admin_zone_ET0702
enderase_admin_woreda_ET051104,ET051104,Hudet,enderase_admin_region_ET05,enderase_admin_zone_ET0511
enderase_admin_woreda_ET030602,ET030602,Hulet Ej Enese,enderase_admin_region_ET03,enderase_admin_zone_ET0306
enderase_admin_woreda_ET160007,ET160007,Hulla,enderase_admin_region_ET16,enderase_admin_zone_ET1600
enderase_admin_woreda_ET080104,ET080104,Humbo,enderase_admin_region_ET08,enderase_admin_zone_ET0801
enderase_admin_woreda_ET040316,ET040316,Hurumu,enderase_admin_region_ET04,enderase_admin_zone_ET0403
enderase_admin_woreda_ET040202,ET040202,Ibantu,enderase_admin_region_ET04,enderase_admin_zone_ET0402
enderase_admin_woreda_ET040519,ET040519,Ifata,enderase_admin_region_ET04,enderase_admin_zone_ET0405
enderase_admin_woreda_ET040500,ET040500,Illu Galan,enderase_admin_region_ET04,enderase_admin_zone_ET0405
enderase_admin_woreda_ET041305,ET041305,Ilu,enderase_admin_region_ET04,enderase_admin_zone_ET0413
enderase_admin_woreda_ET030996,ET030996,Injibara town,enderase_admin_region_ET03,enderase_admin_zone_ET0309
enderase_admin_woreda_ET040824,ET040824,Inkolo Wabe,enderase_admin_region_ET04,enderase_admin_zone_ET0408
enderase_admin_woreda_ET120407,ET120407,Itang,enderase_admin_region_ET12,enderase_admin_zone_ET1204
enderase_admin_woreda_ET030709,ET030709,Jabi Tehnan,enderase_admin_region_ET03,enderase_admin_zone_ET0307
enderase_admin_woreda_ET070214,ET070214,Jajura town,enderase_admin_region_ET07,enderase_admin_zone_ET0702
enderase_admin_woreda_ET030414,ET030414,Jama,enderase_admin_region_ET03,enderase_admin_zone_ET0304
enderase_admin_woreda_ET030103,ET030103,Janamora,enderase_admin_region_ET03,enderase_admin_zone_ET0301
enderase_admin_woreda_ET041002,ET041002,Jarso (East Hararghe),enderase_admin_region_ET04,enderase_admin_zone_ET0410
enderase_admin_woreda_ET040108,ET040108,Jarso (West Wellega),enderase_admin_region_ET04,enderase_admin_zone_ET0401
enderase_admin_woreda_ET041908,ET041908,Jarte Jardega,enderase_admin_region_ET04,enderase_admin_zone_ET0419
enderase_admin_woreda_ET030906,ET030906,Jawi,enderase_admin_region_ET03,enderase_admin_zone_ET0309
enderase_admin_woreda_ET040804,ET040804,Jeju,enderase_admin_region_ET04,enderase_admin_zone_ET0408
enderase_admin_woreda_ET150206,ET150206,Jeldessa,enderase_admin_region_ET15,enderase_admin_zone_ET1502
enderase_admin_woreda_ET040502,ET040502,Jeldu,enderase_admin_region_ET04,enderase_admin_zone_ET0405
enderase_admin_woreda_ET110510,ET110510,Jemu town,enderase_admin_region_ET11,enderase_admin_zone_ET1105
enderase_admin_woreda_ET040518,ET040518,Jibat,enderase_admin_region_ET04,enderase_admin_zone_ET0405
enderase_admin_woreda_ET040615,ET040615,Jida,enderase_admin_region_ET04,enderase_admin_zone_ET0406
enderase_admin_woreda_ET030720,ET030720,Jiga town,enderase_admin_region_ET03,enderase_admin_zone_ET0307
enderase_admin_woreda_ET050293,ET050293,Jigjiga town,enderase_admin_region_ET05,enderase_admin_zone_ET0502
enderase_admin_woreda_ET120103,ET120103,Jikawo,enderase_admin_region_ET12,enderase_admin_zone_ET1201
enderase_admin_woreda_ET031003,ET031003,Jilye Tumuga,enderase_admin_region_ET03,enderase_admin_zone_ET0310
enderase_admin_woreda_ET040214,ET040214,Jimma Arjo,enderase_admin_region_ET04,enderase_admin_zone_ET0402
enderase_admin_woreda_ET041906,ET041906,Jimma Genete,enderase_admin_region_ET04,enderase_admin_zone_ET0419
enderase_admin_woreda_ET041810,ET041810,Jimma Horo,enderase_admin_region_ET04,enderase_admin_zone_ET0418
enderase_admin_woreda_ET041907,ET041907,Jimma Rare,enderase_admin_region_ET04,enderase_admin_zone_ET0419
enderase_admin_woreda_ET040418,ET040418,Jimma town,enderase_admin_region_ET04,enderase_admin_zone_ET0404
enderase_admin_woreda_ET130103,ET130103,Jinela,enderase_admin_region_ET13,enderase_admin_zone_ET1301
enderase_admin_woreda_ET080506,ET080506,Jinka town,enderase_admin_region_ET08,enderase_admin_zone_ET0805
enderase_admin_woreda_ET120204,ET120204,Jore,enderase_admin_region_ET12,enderase_admin_zone_ET1202
enderase_admin_woreda_ET070304,ET070304,Kacha Bira,enderase_admin_region_ET07,enderase_admin_zone_ET0703
enderase_admin_woreda_ET110406,ET110406,Kachi,enderase_admin_region_ET11,enderase_admin_zone_ET1104
enderase_admin_woreda_ET010501,ET010501,Kafta Humera,enderase_admin_region_ET01,enderase_admin_zone_ET0105
enderase_admin_woreda_ET030407,ET030407,Kalu,enderase_admin_region_ET03,enderase_admin_zone_ET0304
enderase_admin_woreda_ET060403,ET060403,Kamashi,enderase_admin_region_ET06,enderase_admin_zone_ET0604
enderase_admin_woreda_ET060400,ET060400,Kamashi town,enderase_admin_region_ET06,enderase_admin_zone_ET0604
enderase_admin_woreda_ET080903,ET080903,Karat town,enderase_admin_region_ET08,enderase_admin_zone_ET0809
enderase_admin_woreda_ET080902,ET080902,Karat Zuria,enderase_admin_region_ET08,enderase_admin_zone_ET0809
enderase_admin_woreda_ET080120,ET080120,Kawo Koyesha,enderase_admin_region_ET08,enderase_admin_zone_ET0801
enderase_admin_woreda_ET150113,ET150113,Kazira,enderase_admin_region_ET15,enderase_admin_zone_ET1501
enderase_admin_woreda_ET070001,ET070001,Kebena SP woreda,enderase_admin_region_ET07,enderase_admin_zone_ET0705
enderase_admin_woreda_ET050296,ET050296,Kebribayah town,enderase_admin_region_ET05,enderase_admin_zone_ET0502
enderase_admin_woreda_ET050206,ET050206,Kebribeyah,enderase_admin_region_ET05,enderase_admin_zone_ET0502
enderase_admin_woreda_ET050502,ET050502,Kebridehar,enderase_admin_region_ET05,enderase_admin_zone_ET0505
enderase_admin_woreda_ET050592,ET050592,Kebridehar town,enderase_admin_region_ET05,enderase_admin_zone_ET0505
enderase_admin_woreda_ET070303,ET070303,Kediada Gambela,enderase_admin_region_ET07,enderase_admin_zone_ET0703
enderase_admin_woreda_ET050605,ET050605,Kelafo,enderase_admin_region_ET05,enderase_admin_zone_ET0506
enderase_admin_woreda_ET030426,ET030426,Kelala town,enderase_admin_region_ET03,enderase_admin_zone_ET0304
enderase_admin_woreda_ET080802,ET080802,Kele town,enderase_admin_region_ET08,enderase_admin_zone_ET0808
enderase_admin_woreda_ET030413,ET030413,Kelela,enderase_admin_region_ET03,enderase_admin_zone_ET0304
enderase_admin_woreda_ET080214,ET080214,Kemba town,enderase_admin_region_ET08,enderase_admin_zone_ET0802
enderase_admin_woreda_ET080215,ET080215,Kemba Zuria,enderase_admin_region_ET08,enderase_admin_zone_ET0802
enderase_admin_woreda_ET031006,ET031006,Kemisie town,enderase_admin_region_ET03,enderase_admin_zone_ET0310
enderase_admin_woreda_ET080901,ET080901,Kena,enderase_admin_region_ET08,enderase_admin_zone_ET0809
enderase_admin_woreda_ET041502,ET041502,Kercha,enderase_admin_region_ET04,enderase_admin_zone_ET0415
enderase_admin_woreda_ET041503,ET041503,Kercha town,enderase_admin_region_ET04,enderase_admin_zone_ET0415
enderase_admin_woreda_ET041008,ET041008,Kersa (East Hararge),enderase_admin_region_ET04,enderase_admin_zone_ET0410
enderase_admin_woreda_ET040405,ET040405,Kersa (Jimma),enderase_admin_region_ET04,enderase_admin_zone_ET0404
enderase_admin_woreda_ET041307,ET041307,Kersana Malima,enderase_admin_region_ET04,enderase_admin_zone_ET0413
enderase_admin_woreda_ET030512,ET030512,Kewet,enderase_admin_region_ET03,enderase_admin_zone_ET0305
enderase_admin_woreda_ET010221,ET010221,Keyhe tekli,enderase_admin_region_ET01,enderase_admin_zone_ET0102
enderase_admin_woreda_ET072011,ET072011,Kibet town,enderase_admin_region_ET07,enderase_admin_zone_ET0720
enderase_admin_woreda_ET020602,ET020602,Kilalu,enderase_admin_region_ET02,enderase_admin_zone_ET0206
enderase_admin_woreda_ET010306,ET010306,Kilte Awulaelo,enderase_admin_region_ET01,enderase_admin_zone_ET0103
enderase_admin_woreda_ET040105,ET040105,Kiltu Kara,enderase_admin_region_ET04,enderase_admin_zone_ET0401
enderase_admin_woreda_ET040610,ET040610,Kimbibit,enderase_admin_region_ET04,enderase_admin_zone_ET0406
enderase_admin_woreda_ET080110,ET080110,Kindo Daddaye,enderase_admin_region_ET08,enderase_admin_zone_ET0801
enderase_admin_woreda_ET080106,ET080106,Kindo Koyesha,enderase_admin_region_ET08,enderase_admin_zone_ET0801
enderase_admin_woreda_ET031122,ET031122,Kinfaz Begela,enderase_admin_region_ET03,enderase_admin_zone_ET0311
enderase_admin_woreda_ET040217,ET040217,Kiremu,enderase_admin_region_ET04,enderase_admin_zone_ET0402
enderase_admin_woreda_ET140106,ET140106,Kirkos Sub City,enderase_admin_region_ET14,enderase_admin_zone_ET1401
enderase_admin_woreda_ET030399,ET030399,Kobo town,enderase_admin_region_ET03,enderase_admin_zone_ET0303
enderase_admin_woreda_ET081103,ET081103,Kochere,enderase_admin_region_ET08,enderase_admin_zone_ET0811
enderase_admin_woreda_ET041704,ET041704,Kofele,enderase_admin_region_ET04,enderase_admin_zone_ET0417
enderase_admin_woreda_ET041713,ET041713,Kofele town,enderase_admin_region_ET04,enderase_admin_zone_ET0417
enderase_admin_woreda_ET080216,ET080216,Kogota /Ezo,enderase_admin_region_ET08,enderase_admin_zone_ET0802
enderase_admin_woreda_ET050898,ET050898,Kohle /Qoxle,enderase_admin_region_ET05,enderase_admin_zone_ET0508
enderase_admin_woreda_ET041708,ET041708,Kokosa,enderase_admin_region_ET04,enderase_admin_zone_ET0417
enderase_admin_woreda_ET010208,ET010208,Kola Tembien,enderase_admin_region_ET01,enderase_admin_zone_ET0102
enderase_admin_woreda_ET140103,ET140103,Kolfe Keraniyo Sub City,enderase_admin_region_ET14,enderase_admin_zone_ET1401
enderase_admin_woreda_ET031105,ET031105,Kolla Debba town,enderase_admin_region_ET03,enderase_admin_zone_ET0311
enderase_admin_woreda_ET080905,ET080905,Kolme,enderase_admin_region_ET08,enderase_admin_zone_ET0809
enderase_admin_woreda_ET041001,ET041001,Kombolcha,enderase_admin_region_ET04,enderase_admin_zone_ET0410
enderase_admin_woreda_ET030417,ET030417,Kombolcha town,enderase_admin_region_ET03,enderase_admin_zone_ET0304
enderase_admin_woreda_ET110601,ET110601,Konta Koysha,enderase_admin_region_ET11,enderase_admin_zone_ET1106
enderase_admin_woreda_ET050297,ET050297,Koran /Mulla,enderase_admin_region_ET05,enderase_admin_zone_ET0502
enderase_admin_woreda_ET010508,ET010508,Korarit,enderase_admin_region_ET01,enderase_admin_zone_ET0105
enderase_admin_woreda_ET041705,ET041705,Kore,enderase_admin_region_ET04,enderase_admin_zone_ET0417
enderase_admin_woreda_ET010410,ET010410,Korem town,enderase_admin_region_ET01,enderase_admin_zone_ET0104
enderase_admin_woreda_ET020108,ET020108,Kori,enderase_admin_region_ET02,enderase_admin_zone_ET0201
enderase_admin_woreda_ET042007,ET042007,Koye,enderase_admin_region_ET04,enderase_admin_zone_ET0420
enderase_admin_woreda_ET080217,ET080217,Kucha,enderase_admin_region_ET08,enderase_admin_zone_ET0802
enderase_admin_woreda_ET080218,ET080218,Kucha Alpha,enderase_admin_region_ET08,enderase_admin_zone_ET0802
enderase_admin_woreda_ET010701,ET010701,Kuiha Sub City,enderase_admin_region_ET01,enderase_admin_zone_ET0107
enderase_admin_woreda_ET071401,ET071401,Kulito town,enderase_admin_region_ET07,enderase_admin_zone_ET0714
enderase_admin_woreda_ET041098,ET041098,Kumbi,enderase_admin_region_ET04,enderase_admin_zone_ET0410
enderase_admin_woreda_ET040911,ET040911,Kuni /Oda Bultum,enderase_admin_region_ET04,enderase_admin_zone_ET0409
enderase_admin_woreda_ET020202,ET020202,Kunneba,enderase_admin_region_ET02,enderase_admin_zone_ET0202
enderase_admin_woreda_ET042008,ET042008,Kura Jida,enderase_admin_region_ET04,enderase_admin_zone_ET0420
enderase_admin_woreda_ET041007,ET041007,Kurfa Chele,enderase_admin_region_ET04,enderase_admin_zone_ET0410
enderase_admin_woreda_ET060302,ET060302,Kurmuk,enderase_admin_region_ET06,enderase_admin_zone_ET0603
enderase_admin_woreda_ET030403,ET030403,Kutaber,enderase_admin_region_ET03,enderase_admin_zone_ET0304
enderase_admin_woreda_ET040604,ET040604,Kuyu,enderase_admin_region_ET04,enderase_admin_zone_ET0406
enderase_admin_woreda_ET010109,ET010109,Laelay Koraro,enderase_admin_region_ET01,enderase_admin_zone_ET0101
enderase_admin_woreda_ET010205,ET010205,Laelay Maychew,enderase_admin_region_ET01,enderase_admin_zone_ET0102
enderase_admin_woreda_ET010115,ET010115,Laelay Tselemti,enderase_admin_region_ET01,enderase_admin_zone_ET0101
enderase_admin_woreda_ET050407,ET050407,Lagahida,enderase_admin_region_ET05,enderase_admin_zone_ET0504
enderase_admin_woreda_ET080305,ET080305,Laha town,enderase_admin_region_ET08,enderase_admin_zone_ET0803
enderase_admin_woreda_ET030398,ET030398,Lalibela town,enderase_admin_region_ET03,enderase_admin_zone_ET0303
enderase_admin_woreda_ET040104,ET040104,Lalo Asabi,enderase_admin_region_ET04,enderase_admin_zone_ET0401
enderase_admin_woreda_ET041811,ET041811,Lalo Kile,enderase_admin_region_ET04,enderase_admin_zone_ET0418
enderase_admin_woreda_ET072003,ET072003,Lanfero,enderase_admin_region_ET07,enderase_admin_zone_ET0720
enderase_admin_woreda_ET120102,ET120102,Lare,enderase_admin_region_ET12,enderase_admin_zone_ET1201
enderase_admin_woreda_ET050596,ET050596,Lasdhankayre,enderase_admin_region_ET05,enderase_admin_zone_ET0505
enderase_admin_woreda_ET080402,ET080402,Laska town,enderase_admin_region_ET08,enderase_admin_zone_ET0804
enderase_admin_woreda_ET030310,ET030310,Lasta,enderase_admin_region_ET03,enderase_admin_zone_ET0303
enderase_admin_woreda_ET031108,ET031108,Lay Armacho,enderase_admin_region_ET03,enderase_admin_zone_ET0311
enderase_admin_woreda_ET030205,ET030205,Lay Gayint,enderase_admin_region_ET03,enderase_admin_zone_ET0302
enderase_admin_woreda_ET030410,ET030410,Legambo,enderase_admin_region_ET03,enderase_admin_zone_ET0304
enderase_admin_woreda_ET042102,ET042102,Lege Hida,enderase_admin_region_ET04,enderase_admin_zone_ET0421
enderase_admin_woreda_ET150105,ET150105,Legehare,enderase_admin_region_ET15,enderase_admin_zone_ET1501
enderase_admin_woreda_ET030420,ET030420,Legehida,enderase_admin_region_ET03,enderase_admin_zone_ET0304
enderase_admin_woreda_ET050798,ET050798,Lehel-Yucub,enderase_admin_region_ET05,enderase_admin_zone_ET0507
enderase_admin_woreda_ET040212,ET040212,Leka Dulecha,enderase_admin_region_ET04,enderase_admin_zone_ET0402
enderase_admin_woreda_ET160022,ET160022,Leku town,enderase_admin_region_ET16,enderase_admin_zone_ET1600
enderase_admin_woreda_ET140111,ET140111,Lemi Kura Sub City,enderase_admin_region_ET14,enderase_admin_zone_ET1401
enderase_admin_woreda_ET070203,ET070203,Lemmo,enderase_admin_region_ET07,enderase_admin_zone_ET0702
enderase_admin_woreda_ET040197,ET040197,Leta Sibu,enderase_admin_region_ET04,enderase_admin_zone_ET0401
enderase_admin_woreda_ET040597,ET040597,Liban Jawi,enderase_admin_region_ET04,enderase_admin_zone_ET0405
enderase_admin_woreda_ET042202,ET042202,Liben,enderase_admin_region_ET04,enderase_admin_zone_ET0422
enderase_admin_woreda_ET040711,ET040711,Liben Chukala,enderase_admin_region_ET04,enderase_admin_zone_ET0407
enderase_admin_woreda_ET030202,ET030202,Libokemekem,enderase_admin_region_ET03,enderase_admin_zone_ET0302
enderase_admin_woreda_ET140105,ET140105,Lideta Sub City,enderase_admin_region_ET14,enderase_admin_zone_ET1401
enderase_admin_woreda_ET040201,ET040201,Limu (OR),enderase_admin_region_ET04,enderase_admin_zone_ET0402
enderase_admin_woreda_ET040818,ET040818,Limu Bilbilo,enderase_admin_region_ET04,enderase_admin_zone_ET0408
enderase_admin_woreda_ET040402,ET040402,Limu Kosa,enderase_admin_region_ET04,enderase_admin_zone_ET0404
enderase_admin_woreda_ET040401,ET040401,Limu Seka,enderase_admin_region_ET04,enderase_admin_zone_ET0404
enderase_admin_woreda_ET160037,ET160037,Loka Abaya,enderase_admin_region_ET16,enderase_admin_zone_ET1600
enderase_admin_woreda_ET110403,ET110403,Loma,enderase_admin_region_ET11,enderase_admin_zone_ET1104
enderase_admin_woreda_ET040704,ET040704,Lome (OR),enderase_admin_region_ET04,enderase_admin_zone_ET0407
enderase_admin_woreda_ET040821,ET040821,Lude Hitosa,enderase_admin_region_ET04,enderase_admin_zone_ET0408
enderase_admin_woreda_ET030622,ET030622,Lumame town,enderase_admin_region_ET03,enderase_admin_zone_ET0306
enderase_admin_woreda_ET020406,ET020406,Mabay,enderase_admin_region_ET02,enderase_admin_zone_ET0204
enderase_admin_woreda_ET010112,ET010112,Maekel Adiyabo,enderase_admin_region_ET01,enderase_admin_zone_ET0101
enderase_admin_woreda_ET010409,ET010409,Maichew town,enderase_admin_region_ET01,enderase_admin_zone_ET0104
enderase_admin_woreda_ET110507,ET110507,Maji,enderase_admin_region_ET11,enderase_admin_zone_ET1105
enderase_admin_woreda_ET110511,ET110511,Maji Tum town,enderase_admin_region_ET11,enderase_admin_zone_ET1105
enderase_admin_woreda_ET120105,ET120105,Makuey,enderase_admin_region_ET12,enderase_admin_zone_ET1201
enderase_admin_woreda_ET160012,ET160012,Malga,enderase_admin_region_ET16,enderase_admin_zone_ET1600
enderase_admin_woreda_ET081204,ET081204,Malie,enderase_admin_region_ET08,enderase_admin_zone_ET0812
enderase_admin_woreda_ET150104,ET150104,Malka Jabti /M.Jebdu),enderase_admin_region_ET15,enderase_admin_zone_ET1501
enderase_admin_woreda_ET042009,ET042009,Mana Abichu,enderase_admin_region_ET04,enderase_admin_zone_ET0420
enderase_admin_woreda_ET040101,ET040101,Mana Sibu,enderase_admin_region_ET04,enderase_admin_zone_ET0401
enderase_admin_woreda_ET040490,ET040490,Mancho,enderase_admin_region_ET04,enderase_admin_zone_ET0404
enderase_admin_woreda_ET060204,ET060204,Mandura,enderase_admin_region_ET06,enderase_admin_zone_ET0602
enderase_admin_woreda_ET060508,ET060508,Maokomo Special,enderase_admin_region_ET06,enderase_admin_zone_ET0605
enderase_admin_woreda_ET110402,ET110402,Mareka,enderase_admin_region_ET11,enderase_admin_zone_ET1104
enderase_admin_woreda_ET072501,ET072501,Mareko SP woreda,enderase_admin_region_ET07,enderase_admin_zone_ET0706
enderase_admin_woreda_ET110408,ET110408,Mari Mansa,enderase_admin_region_ET11,enderase_admin_zone_ET1104
enderase_admin_woreda_ET050586,ET050586,Marsin,enderase_admin_region_ET05,enderase_admin_zone_ET0505
enderase_admin_woreda_ET031119,ET031119,Masero Denb /Central Armacho,enderase_admin_region_ET03,enderase_admin_zone_ET0311
enderase_admin_woreda_ET110102,ET110102,Masha,enderase_admin_region_ET11,enderase_admin_zone_ET1101
enderase_admin_woreda_ET110105,ET110105,Masha town,enderase_admin_region_ET11,enderase_admin_zone_ET1101
enderase_admin_woreda_ET010509,ET010509,May Gaba,enderase_admin_region_ET01,enderase_admin_zone_ET0105
enderase_admin_woreda_ET010505,ET010505,May Kadra,enderase_admin_region_ET01,enderase_admin_zone_ET0105
enderase_admin_woreda_ET010116,ET010116,May Tsebri town,enderase_admin_region_ET01,enderase_admin_zone_ET0101
enderase_admin_woreda_ET041019,ET041019,Maya town,enderase_admin_region_ET04,enderase_admin_zone_ET0410
enderase_admin_woreda_ET031304,ET031304,Mecha,enderase_admin_region_ET03,enderase_admin_zone_ET0313
enderase_admin_woreda_ET042203,ET042203,Meda Welabu,enderase_admin_region_ET04,enderase_admin_zone_ET0422
enderase_admin_woreda_ET020204,ET020204,Megale,enderase_admin_region_ET02,enderase_admin_zone_ET0202
enderase_admin_woreda_ET030597,ET030597,Mehal Meda town,enderase_admin_region_ET03,enderase_admin_zone_ET0305
enderase_admin_woreda_ET030419,ET030419,Mehal Sayint,enderase_admin_region_ET03,enderase_admin_zone_ET0304
enderase_admin_woreda_ET030298,ET030298,Mekan Eyesuse,enderase_admin_region_ET03,enderase_admin_zone_ET0302
enderase_admin_woreda_ET030498,ET030498,Mekane Selame,enderase_admin_region_ET03,enderase_admin_zone_ET0304
enderase_admin_woreda_ET041020,ET041020,Mekanisa Oromo,enderase_admin_region_ET04,enderase_admin_zone_ET0410
enderase_admin_woreda_ET030421,ET030421,Mekdela,enderase_admin_region_ET03,enderase_admin_zone_ET0304
enderase_admin_woreda_ET030304,ET030304,Meket,enderase_admin_region_ET03,enderase_admin_zone_ET0303
enderase_admin_woreda_ET010412,ET010412,Mekhoni town,enderase_admin_region_ET01,enderase_admin_zone_ET0104
enderase_admin_woreda_ET041618,ET041618,Meko,enderase_admin_region_ET04,enderase_admin_zone_ET0416
enderase_admin_woreda_ET080306,ET080306,Melekoza,enderase_admin_region_ET08,enderase_admin_zone_ET0803
enderase_admin_woreda_ET041012,ET041012,Melka Balo,enderase_admin_region_ET04,enderase_admin_zone_ET0410
enderase_admin_woreda_ET042010,ET042010,Melka Nonno,enderase_admin_region_ET04,enderase_admin_zone_ET0420
enderase_admin_woreda_ET041518,ET041518,Melka Soda,enderase_admin_region_ET04,enderase_admin_zone_ET0415
enderase_admin_woreda_ET080307,ET080307,Melo Gada,enderase_admin_region_ET08,enderase_admin_zone_ET0803
enderase_admin_woreda_ET041112,ET041112,Mena (Bale),enderase_admin_region_ET04,enderase_admin_zone_ET0411
enderase_admin_woreda_ET040406,ET040406,Mena (Jimma),enderase_admin_region_ET04,enderase_admin_zone_ET0404
enderase_admin_woreda_ET030213,ET030213,Mena Meketewa,enderase_admin_region_ET03,enderase_admin_zone_ET0302
enderase_admin_woreda_ET040198,ET040198,Mendi town,enderase_admin_region_ET04,enderase_admin_zone_ET0401
enderase_admin_woreda_ET060301,ET060301,Menge,enderase_admin_region_ET06,enderase_admin_zone_ET0603
enderase_admin_woreda_ET120308,ET120308,Mengesh,enderase_admin_region_ET12,enderase_admin_zone_ET1203
enderase_admin_woreda_ET110502,ET110502,Menit Goldiye,enderase_admin_region_ET11,enderase_admin_zone_ET1105
enderase_admin_woreda_ET110504,ET110504,Menit Shasha,enderase_admin_region_ET11,enderase_admin_zone_ET1105
enderase_admin_woreda_ET030505,ET030505,Menze Gera Midir,enderase_admin_region_ET03,enderase_admin_zone_ET0305
enderase_admin_woreda_ET030521,ET030521,Menze Keya Gabriel,enderase_admin_region_ET03,enderase_admin_zone_ET0305
enderase_admin_woreda_ET030522,ET030522,Menze Lalo Midir,enderase_admin_region_ET03,enderase_admin_zone_ET0305
enderase_admin_woreda_ET030509,ET030509,Menze Mama Midir,enderase_admin_region_ET03,enderase_admin_zone_ET0305
enderase_admin_woreda_ET031302,ET031302,Merawi town,enderase_admin_region_ET03,enderase_admin_zone_ET0313
enderase_admin_woreda_ET030502,ET030502,Merhabete,enderase_admin_region_ET03,enderase_admin_zone_ET0305
enderase_admin_woreda_ET030397,ET030397,Mersa town,enderase_admin_region_ET03,enderase_admin_zone_ET0303
enderase_admin_woreda_ET040801,ET040801,Merti,enderase_admin_region_ET04,enderase_admin_zone_ET0408
enderase_admin_woreda_ET030623,ET030623,Merto Lemariyam town,enderase_admin_region_ET03,enderase_admin_zone_ET0306
enderase_admin_woreda_ET040904,ET040904,Mesela /Shen Duggoo,enderase_admin_region_ET04,enderase_admin_zone_ET0409
enderase_admin_woreda_ET031405,ET031405,Meshenti town,enderase_admin_region_ET03,enderase_admin_zone_ET0314
enderase_admin_woreda_ET070404,ET070404,Meskan,enderase_admin_region_ET07,enderase_admin_zone_ET0704
enderase_admin_woreda_ET041009,ET041009,Meta,enderase_admin_region_ET04,enderase_admin_zone_ET0410
enderase_admin_woreda_ET040514,ET040514,Meta Robi,enderase_admin_region_ET04,enderase_admin_zone_ET0405
enderase_admin_woreda_ET040594,ET040594,Meta Walkite,enderase_admin_region_ET04,enderase_admin_zone_ET0405
enderase_admin_woreda_ET040799,ET040799,Metehara town,enderase_admin_region_ET04,enderase_admin_zone_ET0407
enderase_admin_woreda_ET031213,ET031213,Metema,enderase_admin_region_ET03,enderase_admin_zone_ET0312
enderase_admin_woreda_ET031224,ET031224,Metema Yohanes town,enderase_admin_region_ET03,enderase_admin_zone_ET0312
enderase_admin_woreda_ET040320,ET040320,Metu town,enderase_admin_region_ET04,enderase_admin_zone_ET0403
enderase_admin_woreda_ET040310,ET040310,Metu Zuria,enderase_admin_region_ET04,enderase_admin_zone_ET0403
enderase_admin_woreda_ET041018,ET041018,Meyu Muleke,enderase_admin_region_ET04,enderase_admin_zone_ET0410
enderase_admin_woreda_ET050408,ET050408,Meyumuluka,enderase_admin_region_ET05,enderase_admin_zone_ET0504
enderase_admin_woreda_ET060405,ET060405,Mezniga,enderase_admin_region_ET06,enderase_admin_zone_ET0604
enderase_admin_woreda_ET030609,ET030609,Michakel,enderase_admin_region_ET03,enderase_admin_zone_ET0306
enderase_admin_woreda_ET040504,ET040504,Mida Kegn,enderase_admin_region_ET04,enderase_admin_zone_ET0405
enderase_admin_woreda_ET030501,ET030501,Mida Woremo,enderase_admin_region_ET03,enderase_admin_zone_ET0305
enderase_admin_woreda_ET041014,ET041014,Midhaga Tola,enderase_admin_region_ET04,enderase_admin_zone_ET0410
enderase_admin_woreda_ET031223,ET031223,Midre Genet,enderase_admin_region_ET03,enderase_admin_zone_ET0312
enderase_admin_woreda_ET072004,ET072004,Mierab Azenet Berbere,enderase_admin_region_ET07,enderase_admin_zone_ET0720
enderase_admin_woreda_ET040901,ET040901,Mieso,enderase_admin_region_ET04,enderase_admin_zone_ET0409
enderase_admin_woreda_ET050107,ET050107,Miesso,enderase_admin_region_ET05,enderase_admin_zone_ET0501
enderase_admin_woreda_ET020105,ET020105,Mile,enderase_admin_region_ET02,enderase_admin_zone_ET0201
enderase_admin_woreda_ET020112,ET020112,Mile town,enderase_admin_region_ET02,enderase_admin_zone_ET0201
enderase_admin_woreda_ET030518,ET030518,Minjar Shenkora,enderase_admin_region_ET03,enderase_admin_zone_ET0305
enderase_admin_woreda_ET080219,ET080219,Mirab Abaya,enderase_admin_region_ET08,enderase_admin_zone_ET0802
enderase_admin_woreda_ET031206,ET031206,Mirab Armacho,enderase_admin_region_ET03,enderase_admin_zone_ET0312
enderase_admin_woreda_ET070209,ET070209,Mirab Badowach,enderase_admin_region_ET07,enderase_admin_zone_ET0702
enderase_admin_woreda_ET070217,ET070217,Mirab Soro,enderase_admin_region_ET07,enderase_admin_zone_ET0702
enderase_admin_woreda_ET070201,ET070201,Misha,enderase_admin_region_ET07,enderase_admin_zone_ET0702
enderase_admin_woreda_ET072007,ET072007,Misrak Azenet Berbere,enderase_admin_region_ET07,enderase_admin_zone_ET0720
enderase_admin_woreda_ET070205,ET070205,Misrak Badawacho,enderase_admin_region_ET07,enderase_admin_zone_ET0702
enderase_admin_woreda_ET070405,ET070405,Misrak Meskan,enderase_admin_region_ET07,enderase_admin_zone_ET0704
enderase_admin_woreda_ET072013,ET072013,Misrak Siltie,enderase_admin_region_ET07,enderase_admin_zone_ET0720
enderase_admin_woreda_ET072012,ET072012,Mito,enderase_admin_region_ET07,enderase_admin_zone_ET0720
enderase_admin_woreda_ET041216,ET041216,Miyo,enderase_admin_region_ET04,enderase_admin_zone_ET0412
enderase_admin_woreda_ET110307,ET110307,Mizan Aman town,enderase_admin_region_ET11,enderase_admin_zone_ET1103
enderase_admin_woreda_ET030511,ET030511,Mojan Wedera,enderase_admin_region_ET03,enderase_admin_zone_ET0305
enderase_admin_woreda_ET040797,ET040797,Mojo town,enderase_admin_region_ET04,enderase_admin_zone_ET0407
enderase_admin_woreda_ET030526,ET030526,Molale town,enderase_admin_region_ET03,enderase_admin_zone_ET0305
enderase_admin_woreda_ET030504,ET030504,Moretna Jiru,enderase_admin_region_ET03,enderase_admin_zone_ET0305
enderase_admin_woreda_ET030694,ET030694,Mota town,enderase_admin_region_ET03,enderase_admin_zone_ET0306
enderase_admin_woreda_ET041210,ET041210,Moyale (OR),enderase_admin_region_ET04,enderase_admin_zone_ET0412
enderase_admin_woreda_ET051103,ET051103,Moyale (SM),enderase_admin_region_ET05,enderase_admin_zone_ET0511
enderase_admin_woreda_ET051187,ET051187,Mubarek,enderase_admin_region_ET05,enderase_admin_zone_ET0511
enderase_admin_woreda_ET070112,ET070112,Muhur Na Aklil,enderase_admin_region_ET07,enderase_admin_zone_ET0701
enderase_admin_woreda_ET040622,ET040622,Mulo,enderase_admin_region_ET04,enderase_admin_zone_ET0406
enderase_admin_woreda_ET040817,ET040817,Munessa,enderase_admin_region_ET04,enderase_admin_zone_ET0408
enderase_admin_woreda_ET050606,ET050606,Mustahil,enderase_admin_region_ET05,enderase_admin_zone_ET0506
enderase_admin_woreda_ET010209,ET010209,Naeder,enderase_admin_region_ET01,enderase_admin_zone_ET0102
enderase_admin_woreda_ET030215,ET030215,Nefas Mewicha town,enderase_admin_region_ET03,enderase_admin_zone_ET0302
enderase_admin_woreda_ET042201,ET042201,Negele town,enderase_admin_region_ET04,enderase_admin_zone_ET0422
enderase_admin_woreda_ET040102,ET040102,Nejo,enderase_admin_region_ET04,enderase_admin_zone_ET0401
enderase_admin_woreda_ET040199,ET040199,Nejo town,enderase_admin_region_ET04,enderase_admin_zone_ET0401
enderase_admin_woreda_ET040297,ET040297,Nekemte town,enderase_admin_region_ET04,enderase_admin_zone_ET0402
enderase_admin_woreda_ET041709,ET041709,Nenesebo,enderase_admin_region_ET04,enderase_admin_zone_ET0417
enderase_admin_woreda_ET010403,ET010403,Neqsege,enderase_admin_region_ET01,enderase_admin_zone_ET0104
enderase_admin_woreda_ET140102,ET140102,Nifas Silk Lafto Sub City,enderase_admin_region_ET14,enderase_admin_zone_ET1401
enderase_admin_woreda_ET040115,ET040115,Nole Kaba,enderase_admin_region_ET04,enderase_admin_zone_ET0401
enderase_admin_woreda_ET040508,ET040508,Nono,enderase_admin_region_ET04,enderase_admin_zone_ET0405
enderase_admin_woreda_ET040499,ET040499,Nono Benja,enderase_admin_region_ET04,enderase_admin_zone_ET0404
enderase_admin_woreda_ET080508,ET080508,North Ari,enderase_admin_region_ET08,enderase_admin_zone_ET0805
enderase_admin_woreda_ET040215,ET040215,Nunu Kumba,enderase_admin_region_ET04,enderase_admin_zone_ET0402
enderase_admin_woreda_ET081205,ET081205,Nyngatom,enderase_admin_region_ET08,enderase_admin_zone_ET0812
enderase_admin_woreda_ET080308,ET080308,O'yida,enderase_admin_region_ET08,enderase_admin_zone_ET0803
enderase_admin_woreda_ET042204,ET042204,Oborso,enderase_admin_region_ET04,enderase_admin_zone_ET0422
enderase_admin_woreda_ET041405,ET041405,Odo Shakiso,enderase_admin_region_ET04,enderase_admin_zone_ET0414
enderase_admin_woreda_ET080107,ET080107,Ofa,enderase_admin_region_ET08,enderase_admin_zone_ET0801
enderase_admin_woreda_ET010408,ET010408,Ofla,enderase_admin_region_ET01,enderase_admin_zone_ET0104
enderase_admin_woreda_ET040491,ET040491,Omo Beyam,enderase_admin_region_ET04,enderase_admin_zone_ET0404
enderase_admin_woreda_ET040411,ET040411,Omo Nada,enderase_admin_region_ET04,enderase_admin_zone_ET0404
enderase_admin_woreda_ET060206,ET060206,Pawe,enderase_admin_region_ET06,enderase_admin_zone_ET0602
enderase_admin_woreda_ET150114,ET150114,Police Maret,enderase_admin_region_ET15,enderase_admin_zone_ET1501
enderase_admin_woreda_ET051198,ET051198,Qada Duma,enderase_admin_region_ET05,enderase_admin_zone_ET0511
enderase_admin_woreda_ET010706,ET010706,Qedamay Weyane Sub City,enderase_admin_region_ET01,enderase_admin_zone_ET0107
enderase_admin_woreda_ET031214,ET031214,Quara,enderase_admin_region_ET03,enderase_admin_zone_ET0312
enderase_admin_woreda_ET030706,ET030706,Quarit,enderase_admin_region_ET03,enderase_admin_zone_ET0307
enderase_admin_woreda_ET050497,ET050497,Qubi,enderase_admin_region_ET05,enderase_admin_zone_ET0504
enderase_admin_woreda_ET010214,ET010214,Rama Adi Arbaete,enderase_admin_region_ET01,enderase_admin_zone_ET0102
enderase_admin_woreda_ET081107,ET081107,Rape,enderase_admin_region_ET08,enderase_admin_zone_ET0811
enderase_admin_woreda_ET050809,ET050809,Raso,enderase_admin_region_ET05,enderase_admin_zone_ET0508
enderase_admin_woreda_ET010407,ET010407,Raya Alamata,enderase_admin_region_ET01,enderase_admin_zone_ET0104
enderase_admin_woreda_ET010406,ET010406,Raya Azebo,enderase_admin_region_ET01,enderase_admin_zone_ET0104
enderase_admin_woreda_ET030302,ET030302,Raya Kobo,enderase_admin_region_ET03,enderase_admin_zone_ET0303
enderase_admin_woreda_ET042104,ET042104,Rayitu,enderase_admin_region_ET04,enderase_admin_zone_ET0421
enderase_admin_woreda_ET040812,ET040812,Robe,enderase_admin_region_ET04,enderase_admin_zone_ET0408
enderase_admin_woreda_ET041119,ET041119,Robe town,enderase_admin_region_ET04,enderase_admin_zone_ET0411
enderase_admin_woreda_ET041412,ET041412,Saba Boru,enderase_admin_region_ET04,enderase_admin_zone_ET0414
enderase_admin_woreda_ET150103,ET150103,Sabian,enderase_admin_region_ET15,enderase_admin_zone_ET1501
enderase_admin_woreda_ET051005,ET051005,Sagag,enderase_admin_region_ET05,enderase_admin_zone_ET0510
enderase_admin_woreda_ET010601,ET010601,Saharti,enderase_admin_region_ET01,enderase_admin_zone_ET0106
enderase_admin_woreda_ET030806,ET030806,Sahila,enderase_admin_region_ET03,enderase_admin_zone_ET0308
enderase_admin_woreda_ET050403,ET050403,Salahad,enderase_admin_region_ET05,enderase_admin_zone_ET0504
enderase_admin_woreda_ET081206,ET081206,Salamago,enderase_admin_region_ET08,enderase_admin_zone_ET0812
enderase_admin_woreda_ET040313,ET040313,Sale Nono,enderase_admin_region_ET04,enderase_admin_zone_ET0403
enderase_admin_woreda_ET020198,ET020198,Samera Logiya town,enderase_admin_region_ET02,enderase_admin_zone_ET0201
enderase_admin_woreda_ET010606,ET010606,Samre,enderase_admin_region_ET01,enderase_admin_zone_ET0106
enderase_admin_woreda_ET020502,ET020502,Samurobi,enderase_admin_region_ET02,enderase_admin_zone_ET0205
enderase_admin_woreda_ET072006,ET072006,Sankura,enderase_admin_region_ET07,enderase_admin_zone_ET0720
enderase_admin_woreda_ET040211,ET040211,Sasiga,enderase_admin_region_ET04,enderase_admin_zone_ET0402
enderase_admin_woreda_ET080309,ET080309,Sawla town,enderase_admin_region_ET08,enderase_admin_zone_ET0803
enderase_admin_woreda_ET030411,ET030411,Sayint,enderase_admin_region_ET03,enderase_admin_zone_ET0304
enderase_admin_woreda_ET110201,ET110201,Saylem,enderase_admin_region_ET11,enderase_admin_zone_ET1102
enderase_admin_woreda_ET041805,ET041805,Sayo,enderase_admin_region_ET04,enderase_admin_zone_ET0418
enderase_admin_woreda_ET040118,ET040118,Sayo Nole,enderase_admin_region_ET04,enderase_admin_zone_ET0401
enderase_admin_woreda_ET042011,ET042011,Sebeta,enderase_admin_region_ET04,enderase_admin_zone_ET0420
enderase_admin_woreda_ET041306,ET041306,Sebeta Hawas,enderase_admin_region_ET04,enderase_admin_zone_ET0413
enderase_admin_woreda_ET010303,ET010303,Sebuha Saesie,enderase_admin_region_ET01,enderase_admin_zone_ET0103
enderase_admin_woreda_ET030619,ET030619,Sedae,enderase_admin_region_ET03,enderase_admin_zone_ET0306
enderase_admin_woreda_ET060402,ET060402,Sedal,enderase_admin_region_ET06,enderase_admin_zone_ET0604
enderase_admin_woreda_ET030214,ET030214,Sede Muja,enderase_admin_region_ET03,enderase_admin_zone_ET0302
enderase_admin_woreda_ET041310,ET041310,Seden Sodo,enderase_admin_region_ET04,enderase_admin_zone_ET0413
enderase_admin_woreda_ET041812,ET041812,Sedi Chenka,enderase_admin_region_ET04,enderase_admin_zone_ET0418
enderase_admin_woreda_ET080904,ET080904,Segen Zuria,enderase_admin_region_ET08,enderase_admin_zone_ET0809
enderase_admin_woreda_ET040409,ET040409,Seka Chekorsa,enderase_admin_region_ET04,enderase_admin_zone_ET0404
enderase_admin_woreda_ET030705,ET030705,Sekela,enderase_admin_region_ET03,enderase_admin_zone_ET0307
enderase_admin_woreda_ET040403,ET040403,Sekoru,enderase_admin_region_ET04,enderase_admin_zone_ET0404
enderase_admin_woreda_ET030802,ET030802,Sekota,enderase_admin_region_ET03,enderase_admin_zone_ET0308
enderase_admin_woreda_ET030807,ET030807,Sekota town,enderase_admin_region_ET03,enderase_admin_zone_ET0308
enderase_admin_woreda_ET080220,ET080220,Selamber town,enderase_admin_region_ET08,enderase_admin_zone_ET0802
enderase_admin_woreda_ET010401,ET010401,Selewa,enderase_admin_region_ET01,enderase_admin_zone_ET0104
enderase_admin_woreda_ET030207,ET030207,Semada,enderase_admin_region_ET03,enderase_admin_zone_ET0302
enderase_admin_woreda_ET031301,ET031301,Semen Achefer,enderase_admin_region_ET03,enderase_admin_zone_ET0313
enderase_admin_woreda_ET110305,ET110305,Semen Bench,enderase_admin_region_ET11,enderase_admin_zone_ET1103
enderase_admin_woreda_ET010707,ET010707,Semen Sub City,enderase_admin_region_ET01,enderase_admin_zone_ET0107
enderase_admin_woreda_ET030616,ET030616,Senan,enderase_admin_region_ET03,enderase_admin_zone_ET0306
enderase_admin_woreda_ET031008,ET031008,Senbete town,enderase_admin_region_ET03,enderase_admin_zone_ET0310
enderase_admin_woreda_ET040623,ET040623,Sendafa town,enderase_admin_region_ET04,enderase_admin_zone_ET0406
enderase_admin_woreda_ET040811,ET040811,Seru,enderase_admin_region_ET04,enderase_admin_zone_ET0408
enderase_admin_woreda_ET040413,ET040413,Setema,enderase_admin_region_ET04,enderase_admin_zone_ET0404
enderase_admin_woreda_ET010504,ET010504,Setit Humera town,enderase_admin_region_ET01,enderase_admin_zone_ET0105
enderase_admin_woreda_ET042105,ET042105,Seweyna,enderase_admin_region_ET04,enderase_admin_zone_ET0421
enderase_admin_woreda_ET010110,ET010110,Seyemti Adyabo,enderase_admin_region_ET01,enderase_admin_zone_ET0101
enderase_admin_woreda_ET050204,ET050204,Shabeeley,enderase_admin_region_ET05,enderase_admin_zone_ET0502
enderase_admin_woreda_ET160028,ET160028,Shafamo,enderase_admin_region_ET16,enderase_admin_zone_ET1600
enderase_admin_woreda_ET041499,ET041499,Shakiso town,enderase_admin_region_ET04,enderase_admin_zone_ET0414
enderase_admin_woreda_ET041702,ET041702,Shala,enderase_admin_region_ET04,enderase_admin_zone_ET0417
enderase_admin_woreda_ET041902,ET041902,Shambu town,enderase_admin_region_ET04,enderase_admin_zone_ET0419
enderase_admin_woreda_ET040893,ET040893,Shanan Kolu,enderase_admin_region_ET04,enderase_admin_zone_ET0408
enderase_admin_woreda_ET041712,ET041712,Shashemene,enderase_admin_region_ET04,enderase_admin_zone_ET0417
enderase_admin_woreda_ET041711,ET041711,Shashemene town,enderase_admin_region_ET04,enderase_admin_zone_ET0417
enderase_admin_woreda_ET070204,ET070204,Shashogo,enderase_admin_region_ET07,enderase_admin_zone_ET0702
enderase_admin_woreda_ET031104,ET031104,Shawra town,enderase_admin_region_ET03,enderase_admin_zone_ET0311
enderase_admin_woreda_ET110304,ET110304,Shay Bench,enderase_admin_region_ET11,enderase_admin_zone_ET1103
enderase_admin_woreda_ET050501,ET050501,Shaygosh,enderase_admin_region_ET05,enderase_admin_zone_ET0505
enderase_admin_woreda_ET160001,ET160001,Shebe Dino,enderase_admin_region_ET16,enderase_admin_zone_ET1600
enderase_admin_woreda_ET040414,ET040414,Shebe Sambo,enderase_admin_region_ET04,enderase_admin_zone_ET0404
enderase_admin_woreda_ET030614,ET030614,Shebel Bernta,enderase_admin_region_ET03,enderase_admin_zone_ET0306
enderase_admin_woreda_ET110301,ET110301,Sheko,enderase_admin_region_ET11,enderase_admin_zone_ET1103
enderase_admin_woreda_ET030716,ET030716,Shendi town,enderase_admin_region_ET03,enderase_admin_zone_ET0307
enderase_admin_woreda_ET130102,ET130102,Shenkor,enderase_admin_region_ET13,enderase_admin_zone_ET1301
enderase_admin_woreda_ET040611,ET040611,Sheno town,enderase_admin_region_ET04,enderase_admin_zone_ET0406
enderase_admin_woreda_ET010107,ET010107,Sheraro town,enderase_admin_region_ET01,enderase_admin_zone_ET0101
enderase_admin_woreda_ET060304,ET060304,Sherkole,enderase_admin_region_ET06,enderase_admin_zone_ET0603
enderase_admin_woreda_ET050503,ET050503,Shilabo,enderase_admin_region_ET05,enderase_admin_zone_ET0505
enderase_admin_woreda_ET050103,ET050103,Shinile,enderase_admin_region_ET05,enderase_admin_zone_ET0501
enderase_admin_woreda_ET070310,ET070310,Shinshincho town,enderase_admin_region_ET07,enderase_admin_zone_ET0703
enderase_admin_woreda_ET010108,ET010108,Shire Endaslasie town,enderase_admin_region_ET01,enderase_admin_zone_ET0101
enderase_admin_woreda_ET040814,ET040814,Shirka,enderase_admin_region_ET04,enderase_admin_zone_ET0408
enderase_admin_woreda_ET110217,ET110217,Shishinda town,enderase_admin_region_ET11,enderase_admin_zone_ET1102
enderase_admin_woreda_ET110213,ET110213,Shisho Ande,enderase_admin_region_ET11,enderase_admin_zone_ET1102
enderase_admin_woreda_ET030595,ET030595,Shoa Robit,enderase_admin_region_ET03,enderase_admin_zone_ET0305
enderase_admin_woreda_ET070212,ET070212,Shone town,enderase_admin_region_ET07,enderase_admin_zone_ET0702
enderase_admin_woreda_ET020604,ET020604,Sibaybi,enderase_admin_region_ET02,enderase_admin_zone_ET0206
enderase_admin_woreda_ET040209,ET040209,Sibu Sire,enderase_admin_region_ET04,enderase_admin_zone_ET0402
enderase_admin_woreda_ET040412,ET040412,Sigmo,enderase_admin_region_ET04,enderase_admin_zone_ET0404
enderase_admin_woreda_ET072002,ET072002,Siltie,enderase_admin_region_ET07,enderase_admin_zone_ET0720
enderase_admin_woreda_ET041109,ET041109,Sinana,enderase_admin_region_ET04,enderase_admin_zone_ET0411
enderase_admin_woreda_ET041701,ET041701,Siraro,enderase_admin_region_ET04,enderase_admin_zone_ET0417
enderase_admin_woreda_ET070216,ET070216,Siraro Badawacho,enderase_admin_region_ET07,enderase_admin_zone_ET0702
enderase_admin_woreda_ET040820,ET040820,Sire,enderase_admin_region_ET04,enderase_admin_zone_ET0408
enderase_admin_woreda_ET030523,ET030523,Siya Debirna Wayu,enderase_admin_region_ET03,enderase_admin_zone_ET0305
enderase_admin_woreda_ET110308,ET110308,Size town,enderase_admin_region_ET11,enderase_admin_zone_ET1103
enderase_admin_woreda_ET070403,ET070403,Sodo,enderase_admin_region_ET07,enderase_admin_zone_ET0704
enderase_admin_woreda_ET041314,ET041314,Sodo Daci,enderase_admin_region_ET04,enderase_admin_zone_ET0413
enderase_admin_woreda_ET080113,ET080113,Sodo town,enderase_admin_region_ET08,enderase_admin_zone_ET0801
enderase_admin_woreda_ET080105,ET080105,Sodo Zuria,enderase_admin_region_ET08,enderase_admin_zone_ET0801
enderase_admin_woreda_ET130101,ET130101,Sofi,enderase_admin_region_ET13,enderase_admin_zone_ET1301
enderase_admin_woreda_ET070206,ET070206,Soro,enderase_admin_region_ET07,enderase_admin_zone_ET0702
enderase_admin_woreda_ET080511,ET080511,South Ari,enderase_admin_region_ET08,enderase_admin_zone_ET0805
enderase_admin_woreda_ET040808,ET040808,Sude,enderase_admin_region_ET04,enderase_admin_zone_ET0408
enderase_admin_woreda_ET041913,ET041913,Sulula Finca'a,enderase_admin_region_ET04,enderase_admin_zone_ET0419
enderase_admin_woreda_ET040620,ET040620,Sululta,enderase_admin_region_ET04,enderase_admin_zone_ET0406
enderase_admin_woreda_ET0420112,ET0420112,Sululta,enderase_admin_region_ET04,enderase_admin_zone_ET0420
enderase_admin_woreda_ET110506,ET110506,Surma,enderase_admin_region_ET11,enderase_admin_zone_ET1105
enderase_admin_woreda_ET041594,ET041594,Suro Berguda,enderase_admin_region_ET04,enderase_admin_zone_ET0415
enderase_admin_woreda_ET031120,ET031120,Tach Armacho,enderase_admin_region_ET03,enderase_admin_zone_ET0311
enderase_admin_woreda_ET030206,ET030206,Tach Gayint,enderase_admin_region_ET03,enderase_admin_zone_ET0302
enderase_admin_woreda_ET010101,ET010101,Tahtay Adiyabo,enderase_admin_region_ET01,enderase_admin_zone_ET0101
enderase_admin_woreda_ET010104,ET010104,Tahtay Koraro,enderase_admin_region_ET01,enderase_admin_zone_ET0101
enderase_admin_woreda_ET010206,ET010206,Tahtay Maychew,enderase_admin_region_ET01,enderase_admin_zone_ET0102
enderase_admin_woreda_ET031121,ET031121,Takusa,enderase_admin_region_ET03,enderase_admin_zone_ET0311
enderase_admin_woreda_ET010222,ET010222,Tanqua Melashe,enderase_admin_region_ET01,enderase_admin_zone_ET0102
enderase_admin_woreda_ET030510,ET030510,Tarema Ber,enderase_admin_region_ET03,enderase_admin_zone_ET0305
enderase_admin_woreda_ET080116,ET080116,Tebela town,enderase_admin_region_ET08,enderase_admin_zone_ET0801
enderase_admin_woreda_ET031107,ET031107,Tegede,enderase_admin_region_ET03,enderase_admin_zone_ET0311
enderase_admin_woreda_ET020501,ET020501,Telalek,enderase_admin_region_ET02,enderase_admin_zone_ET0205
enderase_admin_woreda_ET030119,ET030119,Telemt,enderase_admin_region_ET03,enderase_admin_zone_ET0301
enderase_admin_woreda_ET041212,ET041212,Teltale,enderase_admin_region_ET04,enderase_admin_zone_ET0412
enderase_admin_woreda_ET072601,ET072601,Tembaro SP woreda,enderase_admin_region_ET07,enderase_admin_zone_ET0707
enderase_admin_woreda_ET040813,ET040813,Tena,enderase_admin_region_ET04,enderase_admin_zone_ET0408
enderase_admin_woreda_ET030402,ET030402,Tenta,enderase_admin_region_ET03,enderase_admin_zone_ET0304
enderase_admin_woreda_ET110104,ET110104,Tepi,enderase_admin_region_ET11,enderase_admin_zone_ET1101
enderase_admin_woreda_ET110411,ET110411,Tercha town,enderase_admin_region_ET11,enderase_admin_zone_ET1104
enderase_admin_woreda_ET110407,ET110407,Tercha Zuriya,enderase_admin_region_ET11,enderase_admin_zone_ET1104
enderase_admin_woreda_ET020403,ET020403,Teru,enderase_admin_region_ET02,enderase_admin_zone_ET0204
enderase_admin_woreda_ET160026,ET160026,Teticha,enderase_admin_region_ET16,enderase_admin_zone_ET1600
enderase_admin_woreda_ET030405,ET030405,Thehulederie,enderase_admin_region_ET03,enderase_admin_zone_ET0304
enderase_admin_woreda_ET040509,ET040509,Tikur Enchini,enderase_admin_region_ET04,enderase_admin_zone_ET0405
enderase_admin_woreda_ET030911,ET030911,Tilili town,enderase_admin_region_ET03,enderase_admin_zone_ET0309
enderase_admin_woreda_ET040404,ET040404,Tiro Afeta,enderase_admin_region_ET04,enderase_admin_zone_ET0404
enderase_admin_woreda_ET031406,ET031406,Tis Abay town,enderase_admin_region_ET03,enderase_admin_zone_ET0314
enderase_admin_woreda_ET040816,ET040816,Tiyo,enderase_admin_region_ET04,enderase_admin_zone_ET0408
enderase_admin_woreda_ET110401,ET110401,Tocha,enderase_admin_region_ET11,enderase_admin_zone_ET1104
enderase_admin_woreda_ET040517,ET040517,Toke Kutaye,enderase_admin_region_ET04,enderase_admin_zone_ET0405
enderase_admin_woreda_ET041308,ET041308,Tole,enderase_admin_region_ET04,enderase_admin_zone_ET0413
enderase_admin_woreda_ET072009,ET072009,Tora town,enderase_admin_region_ET07,enderase_admin_zone_ET0720
enderase_admin_woreda_ET010314,ET010314,Tsaeda Emba,enderase_admin_region_ET01,enderase_admin_zone_ET0103
enderase_admin_woreda_ET030808,ET030808,Tsagbeji,enderase_admin_region_ET03,enderase_admin_zone_ET0308
enderase_admin_woreda_ET010503,ET010503,Tsegede (TG),enderase_admin_region_ET01,enderase_admin_zone_ET0105
enderase_admin_woreda_ET010106,ET010106,Tselemti,enderase_admin_region_ET01,enderase_admin_zone_ET0101
enderase_admin_woreda_ET010113,ET010113,Tsimbla,enderase_admin_region_ET01,enderase_admin_zone_ET0101
enderase_admin_woreda_ET030524,ET030524,Tulefa town,enderase_admin_region_ET03,enderase_admin_zone_ET0305
enderase_admin_woreda_ET050283,ET050283,Tuliguled,enderase_admin_region_ET05,enderase_admin_zone_ET0502
enderase_admin_woreda_ET110206,ET110206,Tullo,enderase_admin_region_ET11,enderase_admin_zone_ET1102
enderase_admin_woreda_ET040903,ET040903,Tulo (OR),enderase_admin_region_ET04,enderase_admin_zone_ET0409
enderase_admin_woreda_ET030428,ET030428,Tulu Awlia town,enderase_admin_region_ET03,enderase_admin_zone_ET0304
enderase_admin_woreda_ET081207,ET081207,Turmi town,enderase_admin_region_ET08,enderase_admin_zone_ET0812
enderase_admin_woreda_ET080310,ET080310,Uba Debre Tsehay,enderase_admin_region_ET08,enderase_admin_zone_ET0803
enderase_admin_woreda_ET060308,ET060308,Undulu,enderase_admin_region_ET06,enderase_admin_zone_ET0603
enderase_admin_woreda_ET060311,ET060311,Ura,enderase_admin_region_ET06,enderase_admin_zone_ET0603
enderase_admin_woreda_ET041401,ET041401,Uraga,enderase_admin_region_ET04,enderase_admin_zone_ET0414
enderase_admin_woreda_ET110214,ET110214,Wacha town,enderase_admin_region_ET11,enderase_admin_zone_ET1102
enderase_admin_woreda_ET042208,ET042208,Wachile,enderase_admin_region_ET04,enderase_admin_zone_ET0422
enderase_admin_woreda_ET041404,ET041404,Wadera,enderase_admin_region_ET04,enderase_admin_zone_ET0414
enderase_admin_woreda_ET030305,ET030305,Wadla,enderase_admin_region_ET03,enderase_admin_zone_ET0303
enderase_admin_woreda_ET150207,ET150207,Wahil,enderase_admin_region_ET15,enderase_admin_zone_ET1502
enderase_admin_woreda_ET050295,ET050295,Wajale town,enderase_admin_region_ET05,enderase_admin_zone_ET0502
enderase_admin_woreda_ET010608,ET010608,Wajirat,enderase_admin_region_ET01,enderase_admin_zone_ET0106
enderase_admin_woreda_ET041303,ET041303,Waliso,enderase_admin_region_ET04,enderase_admin_zone_ET0413
enderase_admin_woreda_ET040216,ET040216,Wama Hagalo,enderase_admin_region_ET04,enderase_admin_zone_ET0402
enderase_admin_woreda_ET050499,ET050499,Wangey,enderase_admin_region_ET05,enderase_admin_zone_ET0504
enderase_admin_woreda_ET120104,ET120104,Wantawo,enderase_admin_region_ET12,enderase_admin_zone_ET1201
enderase_admin_woreda_ET040601,ET040601,Wara Jarso,enderase_admin_region_ET04,enderase_admin_zone_ET0406
enderase_admin_woreda_ET050704,ET050704,Warder,enderase_admin_region_ET05,enderase_admin_zone_ET0507
enderase_admin_woreda_ET020210,ET020210,Wasama,enderase_admin_region_ET02,enderase_admin_zone_ET0202
enderase_admin_woreda_ET040206,ET040206,Wayu Tuka,enderase_admin_region_ET04,enderase_admin_zone_ET0402
enderase_admin_woreda_ET030216,ET030216,Wegeda town,enderase_admin_region_ET03,enderase_admin_zone_ET0302
enderase_admin_woreda_ET030416,ET030416,Wegedie,enderase_admin_region_ET03,enderase_admin_zone_ET0304
enderase_admin_woreda_ET030430,ET030430,Wegedie town,enderase_admin_region_ET03,enderase_admin_zone_ET0304
enderase_admin_woreda_ET030424,ET030424,Wegel tena town,enderase_admin_region_ET03,enderase_admin_zone_ET0304
enderase_admin_woreda_ET031109,ET031109,Wegera,enderase_admin_region_ET03,enderase_admin_zone_ET0311
enderase_admin_woreda_ET010502,ET010502,Welkait,enderase_admin_region_ET01,enderase_admin_zone_ET0105
enderase_admin_woreda_ET070114,ET070114,Welkite town,enderase_admin_region_ET07,enderase_admin_zone_ET0701
enderase_admin_woreda_ET040520,ET040520,Welmera,enderase_admin_region_ET04,enderase_admin_zone_ET0405
enderase_admin_woreda_ET060203,ET060203,Wembera,enderase_admin_region_ET06,enderase_admin_zone_ET0602
enderase_admin_woreda_ET030711,ET030711,Wemberma,enderase_admin_region_ET03,enderase_admin_zone_ET0307
enderase_admin_woreda_ET081101,ET081101,Wenago,enderase_admin_region_ET08,enderase_admin_zone_ET0811
enderase_admin_woreda_ET041302,ET041302,Wenchi,enderase_admin_region_ET04,enderase_admin_zone_ET0413
enderase_admin_woreda_ET071402,ET071402,Wera,enderase_admin_region_ET07,enderase_admin_zone_ET0714
enderase_admin_woreda_ET071404,ET071404,Wera Djo,enderase_admin_region_ET07,enderase_admin_zone_ET0714
enderase_admin_woreda_ET030415,ET030415,Were Ilu,enderase_admin_region_ET03,enderase_admin_zone_ET0304
enderase_admin_woreda_ET030423,ET030423,Wereilu town,enderase_admin_region_ET03,enderase_admin_zone_ET0304
enderase_admin_woreda_ET020310,ET020310,Werer,enderase_admin_region_ET02,enderase_admin_zone_ET0203
enderase_admin_woreda_ET031116,ET031116,West Belesa,enderase_admin_region_ET03,enderase_admin_zone_ET0311
enderase_admin_woreda_ET031125,ET031125,West Dembiya,enderase_admin_region_ET03,enderase_admin_zone_ET0311
enderase_admin_woreda_ET050805,ET050805,West Imi,enderase_admin_region_ET05,enderase_admin_zone_ET0508
enderase_admin_woreda_ET030309,ET030309,Woldiya town,enderase_admin_region_ET03,enderase_admin_zone_ET0303
enderase_admin_woreda_ET041311,ET041311,Woliso town,enderase_admin_region_ET04,enderase_admin_zone_ET0413
enderase_admin_woreda_ET081113,ET081113,Wonago town,enderase_admin_region_ET08,enderase_admin_zone_ET0811
enderase_admin_woreda_ET041797,ET041797,Wondo,enderase_admin_region_ET04,enderase_admin_zone_ET0417
enderase_admin_woreda_ET160019,ET160019,Wondo-Genet,enderase_admin_region_ET16,enderase_admin_zone_ET1600
enderase_admin_woreda_ET160036,ET160036,Wondo-Genet town,enderase_admin_region_ET16,enderase_admin_zone_ET1600
enderase_admin_woreda_ET160013,ET160013,Wonosho,enderase_admin_region_ET16,enderase_admin_zone_ET1600
enderase_admin_woreda_ET072010,ET072010,Worabe town,enderase_admin_region_ET07,enderase_admin_zone_ET0720
enderase_admin_woreda_ET030422,ET030422,Worebabu,enderase_admin_region_ET03,enderase_admin_zone_ET0304
enderase_admin_woreda_ET030293,ET030293,Woreta town,enderase_admin_region_ET03,enderase_admin_zone_ET0302
enderase_admin_woreda_ET080513,ET080513,Wub Ari,enderase_admin_region_ET08,enderase_admin_zone_ET0805
enderase_admin_woreda_ET040608,ET040608,Wuchale,enderase_admin_region_ET04,enderase_admin_zone_ET0406
enderase_admin_woreda_ET010309,ET010309,Wukro town,enderase_admin_region_ET01,enderase_admin_zone_ET0103
enderase_admin_woreda_ET072008,ET072008,Wulbareg,enderase_admin_region_ET07,enderase_admin_zone_ET0720
enderase_admin_woreda_ET041207,ET041207,Yabelo,enderase_admin_region_ET04,enderase_admin_zone_ET0412
enderase_admin_woreda_ET041296,ET041296,Yabelo town,enderase_admin_region_ET04,enderase_admin_zone_ET0412
enderase_admin_woreda_ET050498,ET050498,Yahob,enderase_admin_region_ET05,enderase_admin_zone_ET0504
enderase_admin_woreda_ET020404,ET020404,Yalo,enderase_admin_region_ET02,enderase_admin_zone_ET0204
enderase_admin_woreda_ET041802,ET041802,Yama Logi Welel,enderase_admin_region_ET04,enderase_admin_zone_ET0418
enderase_admin_woreda_ET020603,ET020603,Yangudi,enderase_admin_region_ET02,enderase_admin_zone_ET0206
enderase_admin_woreda_ET040614,ET040614,Yaya Gulele,enderase_admin_region_ET04,enderase_admin_zone_ET0406
enderase_admin_woreda_ET040309,ET040309,Yayu,enderase_admin_region_ET04,enderase_admin_zone_ET0403
enderase_admin_woreda_ET140107,ET140107,Yeka Sub City,enderase_admin_region_ET14,enderase_admin_zone_ET1401
enderase_admin_woreda_ET110103,ET110103,Yeki,enderase_admin_region_ET11,enderase_admin_zone_ET1101
enderase_admin_woreda_ET072401,ET072401,Yem,enderase_admin_region_ET07,enderase_admin_zone_ET0724
enderase_admin_woreda_ET031303,ET031303,Yilmana Densa,enderase_admin_region_ET03,enderase_admin_zone_ET0313
enderase_admin_woreda_ET081102,ET081102,Yirgachefe,enderase_admin_region_ET08,enderase_admin_zone_ET0811
enderase_admin_woreda_ET081111,ET081111,Yirgachefe town,enderase_admin_region_ET08,enderase_admin_zone_ET0811
enderase_admin_woreda_ET160020,ET160020,Yirgalem town,enderase_admin_region_ET16,enderase_admin_zone_ET1600
enderase_admin_woreda_ET050382,ET050382,Yocale,enderase_admin_region_ET05,enderase_admin_zone_ET0503
enderase_admin_woreda_ET040112,ET040112,Yubdo,enderase_admin_region_ET04,enderase_admin_zone_ET0401
enderase_admin_woreda_ET110410,ET110410,Zabagazo,enderase_admin_region_ET11,enderase_admin_zone_ET1104
enderase_admin_woreda_ET080311,ET080311,Zala,enderase_admin_region_ET08,enderase_admin_zone_ET0803
enderase_admin_woreda_ET010318,ET010318,Zala Anbesa town,enderase_admin_region_ET01,enderase_admin_zone_ET0103
enderase_admin_woreda_ET010103,ET010103,Zana,enderase_admin_region_ET01,enderase_admin_zone_ET0101
enderase_admin_woreda_ET010413,ET010413,Zata,enderase_admin_region_ET01,enderase_admin_zone_ET0104
enderase_admin_woreda_ET060401,ET060401,Zayi,enderase_admin_region_ET06,enderase_admin_zone_ET0604
enderase_admin_woreda_ET031403,ET031403,Zege town,enderase_admin_region_ET03,enderase_admin_zone_ET0314
enderase_admin_woreda_ET030801,ET030801,Zequala,enderase_admin_region_ET03,enderase_admin_zone_ET0308
enderase_admin_woreda_ET030997,ET030997,Zigem town,enderase_admin_region_ET03,enderase_admin_zone_ET0309
enderase_admin_woreda_ET040806,ET040806,Ziway Dugda,enderase_admin_region_ET04,enderase_admin_zone_ET0408
